gene,Ctrl_1,Ctrl_2,Ctrl_3,Ctrl_4,Ctrl_5,Ctrl_6,Trt_1,Trt_2,Trt_3,Trt_4,Trt_5,Trt_6
Gene1,22,21,24,22,16,28,66,41,49,63,55,48
Gene2,398,420,438,416,424,419,955,888,910,884,790,860
Gene3,146,130,127,150,133,141,929,993,959,960,986,943
Gene4,70,80,94,71,64,80,161,142,159,156,177,178
Gene5,8,8,10,11,12,8,17,21,16,12,19,14
Gene6,3,9,9,6,7,4,41,38,42,49,43,50
Gene7,3,4,2,4,6,8,15,12,19,15,13,6
Gene8,292,287,284,251,266,292,1408,1408,1456,1409,1424,1401
Gene9,95,77,67,85,75,55,109,107,102,120,99,94
Gene10,140,121,115,101,111,136,401,386,433,417,415,399
Gene11,6,9,5,2,9,3,5,4,9,8,9,9
Gene12,445,427,451,421,432,425,680,626,692,726,682,658
Gene13,229,245,218,231,232,246,1571,1601,1547,1596,1524,1591
Gene14,11,14,10,8,11,6,19,20,22,29,22,15
Gene15,7,9,8,15,8,14,32,35,39,46,41,32
Gene16,13,13,11,9,15,16,26,29,20,22,25,32
Gene17,17,20,19,17,19,21,50,32,52,41,50,40
Gene18,62,50,64,40,43,49,315,355,353,323,318,333
Gene19,33,31,30,36,39,37,53,59,56,53,42,40
Gene20,11,14,15,17,15,10,74,78,74,69,67,89
Gene21,66,82,84,81,78,70,570,611,581,612,550,623
Gene22,11,11,6,7,5,7,35,33,33,24,19,27
Gene23,20,21,15,15,20,12,113,117,116,121,112,118
Gene24,24,30,22,27,23,24,36,32,36,22,36,41
Gene25,38,37,44,35,44,44,112,109,102,118,91,92
Gene26,195,177,187,182,198,188,404,394,387,380,408,388
Gene27,7,8,10,4,13,15,53,55,42,56,46,63
Gene28,57,49,50,59,56,33,360,354,376,344,402,391
Gene29,70,79,69,78,72,92,179,174,151,153,174,175
Gene30,3,3,2,4,2,4,26,33,21,18,32,21
Gene31,81,61,76,78,72,80,131,167,144,148,157,166
Gene32,8,7,7,4,14,8,37,33,30,31,27,38
Gene33,4,10,2,4,6,3,17,23,16,16,15,23
Gene34,414,397,384,403,387,391,3025,2986,3095,3010,3004,3019
Gene35,449,420,440,440,424,446,1741,1768,1770,1807,1799,1787
Gene36,213,194,198,211,202,210,522,521,511,533,510,512
Gene37,20,16,19,18,16,14,28,29,32,27,32,29
Gene38,5,6,8,8,7,6,17,11,13,14,9,16
Gene39,108,110,115,110,114,109,248,217,212,228,236,238
Gene40,31,35,39,39,33,42,68,66,70,54,70,77
Gene41,6,13,10,9,7,11,49,40,42,44,48,51
Gene42,44,48,39,45,55,40,156,151,183,155,158,160
Gene43,2,4,6,6,7,5,18,11,17,17,12,21
Gene44,325,341,338,321,320,335,573,562,548,554,574,587
Gene45,11,8,16,20,13,17,87,88,85,89,88,80
Gene46,97,96,96,106,92,118,445,487,488,516,523,484
Gene47,16,21,15,29,22,25,25,36,31,29,23,31
Gene48,44,46,54,51,52,52,252,247,257,247,234,237
Gene49,54,60,55,43,57,56,210,211,194,227,213,215
Gene50,11,8,7,10,11,8,13,16,17,12,11,5
Gene51,445,457,452,437,429,390,1395,1410,1306,1316,1336,1394
Gene52,156,195,187,155,165,188,610,589,557,530,523,537
Gene53,368,382,393,344,379,373,750,705,698,663,729,702
Gene54,296,306,274,329,297,342,2212,2237,2312,2240,2225,2192
Gene55,76,85,63,73,78,75,431,449,403,428,427,474
Gene56,365,382,335,370,353,343,1569,1658,1621,1574,1578,1584
Gene57,0,5,5,2,9,7,18,18,18,17,19,14
Gene58,10,11,9,9,12,7,22,22,32,33,29,33
Gene59,4,2,3,5,6,7,22,28,13,22,27,19
Gene60,16,15,18,15,22,20,71,78,74,75,77,77
Gene61,23,24,23,24,24,27,41,35,43,57,37,42
Gene62,13,6,10,12,11,14,52,60,50,52,57,54
Gene63,240,207,215,229,236,234,1264,1275,1258,1269,1257,1293
Gene64,22,22,22,23,28,30,55,73,75,79,73,71
Gene65,9,15,10,21,21,13,23,25,23,28,23,26
Gene66,55,49,66,43,55,56,329,298,329,321,337,298
Gene67,3,8,8,7,5,12,14,18,19,18,13,13
Gene68,205,198,215,190,190,205,472,471,429,470,450,447
Gene69,8,4,8,13,11,5,13,6,18,13,13,9
Gene70,471,495,500,499,489,461,1206,1166,1196,1241,1264,1194
Gene71,170,166,171,177,194,160,880,944,942,843,926,896
Gene72,10,12,12,9,15,11,44,42,52,37,44,32
Gene73,2,5,5,3,4,9,9,9,8,9,7,9
Gene74,221,237,193,209,196,201,1363,1282,1361,1365,1315,1367
Gene75,135,136,129,114,145,133,824,845,852,780,836,792
Gene76,127,135,133,155,122,131,880,889,874,916,886,900
Gene77,168,180,182,148,181,167,336,372,357,335,344,343
Gene78,5,5,7,5,9,9,17,15,22,10,27,22
Gene79,26,16,15,37,13,22,161,189,163,162,156,180
Gene80,7,6,9,5,5,8,52,35,41,33,40,60
Gene81,240,270,277,270,278,266,427,426,393,359,376,400
Gene82,76,69,82,87,76,92,151,137,139,138,119,135
Gene83,18,23,27,19,24,19,50,72,72,64,75,67
Gene84,5,5,7,7,5,3,43,36,44,39,29,35
Gene85,29,18,23,20,19,14,67,59,65,67,80,71
Gene86,22,18,19,16,24,17,56,68,72,64,64,55
Gene87,148,114,139,152,131,137,199,234,209,242,234,206
Gene88,76,85,98,104,89,86,386,392,383,388,425,378
Gene89,311,307,316,291,308,324,1640,1719,1759,1745,1728,1721
Gene90,31,26,35,36,32,40,96,122,121,121,117,100
Gene91,4,6,7,9,8,6,34,28,28,39,47,38
Gene92,123,124,131,125,121,118,951,1004,968,978,971,966
Gene93,153,172,171,140,159,162,322,330,350,306,331,286
Gene94,68,51,66,75,52,64,224,220,208,231,226,209
Gene95,167,165,204,162,179,147,411,379,424,366,386,421
Gene96,40,41,45,48,43,45,255,243,242,239,242,235
Gene97,44,47,51,37,55,50,181,214,184,187,211,232
Gene98,32,30,32,33,25,32,134,142,120,150,134,161
Gene99,6,2,2,2,6,3,28,25,24,17,32,23
Gene100,5,9,6,9,6,10,20,21,15,22,14,17
Gene101,6,7,7,2,3,7,32,32,34,44,27,29
Gene102,93,85,91,74,81,77,327,310,300,318,340,320
Gene103,16,17,12,25,14,23,31,35,41,28,25,37
Gene104,43,49,47,46,47,48,222,212,252,201,215,220
Gene105,353,285,295,345,329,347,1839,1775,1806,1855,1786,1886
Gene106,6,9,17,16,9,12,34,40,30,40,38,23
Gene107,28,21,26,19,20,32,176,190,186,179,186,184
Gene108,188,148,156,163,164,163,1063,1041,1055,1017,1041,1120
Gene109,9,19,11,21,12,14,28,31,31,26,18,34
Gene110,5,3,2,8,6,4,49,55,44,60,48,40
Gene111,15,14,15,13,16,18,22,25,35,35,25,19
Gene112,8,8,5,7,11,10,17,9,14,23,21,15
Gene113,414,348,379,362,379,379,702,745,711,701,683,698
Gene114,205,204,220,223,202,170,1284,1337,1349,1323,1350,1320
Gene115,85,77,78,85,95,90,376,365,383,385,380,348
Gene116,244,291,281,275,270,271,509,507,492,490,516,520
Gene117,198,187,207,186,176,179,630,618,608,581,599,633
Gene118,11,7,11,10,10,8,41,52,35,42,35,38
Gene119,335,314,275,312,306,306,490,497,494,497,507,479
Gene120,58,46,49,61,43,47,332,369,347,394,382,359
Gene121,194,204,192,198,216,195,1176,1151,1127,1091,1136,1104
Gene122,321,276,311,308,305,328,1067,1063,1108,1040,1114,1054
Gene123,18,16,22,16,27,11,114,159,140,135,154,158
Gene124,7,5,8,3,9,7,29,23,21,19,8,18
Gene125,15,10,5,14,13,15,88,111,84,91,99,80
Gene126,30,31,33,26,28,35,145,163,138,149,133,145
Gene127,236,229,186,211,211,224,898,895,907,916,909,888
Gene128,264,263,260,272,275,256,466,456,445,508,482,504
Gene129,5,7,6,4,4,3,16,25,28,35,29,24
Gene130,41,40,43,36,43,44,133,138,153,142,139,157
Gene131,22,29,27,30,33,32,66,57,58,42,61,61
Gene132,9,12,13,15,10,13,19,14,13,28,11,21
Gene133,6,6,4,6,6,10,28,39,27,28,28,34
Gene134,22,15,21,21,22,17,57,78,85,79,78,84
Gene135,404,405,345,353,414,354,1879,1968,1873,1906,1921,1954
Gene136,17,22,21,18,22,19,115,146,151,135,122,147
Gene137,48,57,61,46,40,60,87,85,89,68,79,85
Gene138,120,110,123,131,123,122,608,579,641,601,596,597
Gene139,19,17,24,28,30,30,45,33,46,44,47,51
Gene140,425,445,479,469,410,447,2711,2816,2793,2781,2811,2789
Gene141,452,442,460,413,437,427,2552,2494,2479,2499,2553,2515
Gene142,7,16,14,10,15,17,54,50,54,47,48,50
Gene143,58,41,35,38,39,41,204,218,205,227,214,210
Gene144,16,22,13,18,11,17,37,38,51,41,53,37
Gene145,20,13,17,12,9,22,42,65,47,59,48,73
Gene146,6,3,7,2,3,7,25,25,30,25,27,25
Gene147,75,73,92,72,75,70,220,246,236,242,251,231
Gene148,37,46,46,42,50,39,112,113,124,135,128,114
Gene149,0,4,7,4,6,4,16,13,16,15,20,22
Gene150,14,16,18,14,11,21,92,105,84,83,86,83
Gene151,313,312,322,319,314,325,795,790,828,803,783,842
Gene152,11,9,18,11,14,12,26,23,13,22,15,24
Gene153,3,10,7,11,8,9,32,36,39,39,50,40
Gene154,46,44,45,42,60,32,238,262,235,239,214,271
Gene155,503,442,530,480,520,479,806,850,752,822,775,837
Gene156,11,13,15,12,11,22,21,22,34,33,25,32
Gene157,111,96,92,111,93,114,213,174,201,174,188,197
Gene158,148,161,147,174,171,173,408,380,405,431,398,420
Gene159,11,19,18,12,20,14,42,38,42,39,35,43
Gene160,142,134,144,141,114,114,722,694,713,671,735,727
Gene161,24,28,15,22,28,26,112,113,103,107,113,95
Gene162,76,74,91,88,75,87,404,356,357,323,369,362
Gene163,89,88,83,93,88,88,205,211,221,218,243,243
Gene164,36,59,39,45,57,59,347,324,304,345,318,371
Gene165,7,9,5,7,8,10,21,23,32,25,17,17
Gene166,259,224,204,221,243,243,1777,1667,1678,1752,1823,1736
Gene167,22,21,20,23,15,22,79,87,60,82,82,80
Gene168,17,12,7,12,4,9,11,19,15,15,12,17
Gene169,4,2,12,7,7,2,19,24,25,17,23,24
Gene170,80,76,75,66,62,70,168,156,150,183,168,174
Gene171,105,101,118,101,108,105,528,478,489,491,499,495
Gene172,5,4,4,4,3,1,8,18,3,6,6,4
Gene173,41,48,51,70,56,58,88,92,92,78,91,99
Gene174,12,23,10,9,12,8,71,68,78,73,84,63
Gene175,79,94,96,98,92,79,219,185,197,170,195,209
Gene176,11,10,7,6,7,13,53,64,51,64,51,63
Gene177,120,112,106,110,111,125,264,272,269,265,270,237
Gene178,27,34,31,31,22,29,115,124,116,102,112,115
Gene179,365,364,382,390,356,379,1770,1821,1862,1754,1776,1759
Gene180,7,4,7,11,8,6,26,26,20,22,32,23
Gene181,23,19,26,22,25,26,50,48,47,36,42,55
Gene182,7,9,6,10,5,6,11,9,13,9,14,14
Gene183,370,344,352,391,384,342,564,524,489,507,530,529
Gene184,271,254,276,249,300,273,669,698,628,672,621,652
Gene185,7,16,20,9,19,20,66,57,65,55,77,57
Gene186,84,83,121,99,105,96,715,704,712,711,730,678
Gene187,221,219,241,231,222,224,1362,1356,1388,1364,1367,1342
Gene188,57,40,58,55,58,64,286,303,321,296,305,295
Gene189,50,49,56,44,49,43,290,271,287,279,282,286
Gene190,9,13,12,13,14,10,58,45,53,55,48,60
Gene191,6,2,4,6,8,10,9,12,16,15,16,7
Gene192,351,292,301,298,295,288,2057,2150,2102,2089,2169,2099
Gene193,287,307,270,289,298,312,1442,1398,1412,1409,1404,1419
Gene194,90,72,85,71,86,92,350,371,325,298,309,311
Gene195,17,20,21,22,21,25,31,37,45,29,32,38
Gene196,34,15,21,19,32,33,68,67,66,69,69,72
Gene197,141,128,159,130,164,143,448,433,428,429,434,444
Gene198,316,316,303,313,331,321,1936,1890,2029,1920,2049,2079
Gene199,284,298,267,306,313,273,1053,1076,1098,1110,1132,1068
Gene200,156,190,175,195,167,177,443,468,458,514,495,474
Gene201,110,82,81,89,97,76,13,10,14,15,11,13
Gene202,6,7,11,7,5,5,4,5,6,4,3,2
Gene203,10,5,13,7,3,8,4,2,2,3,5,5
Gene204,310,313,301,302,338,320,213,178,205,209,219,202
Gene205,74,76,101,70,83,60,14,22,10,17,15,16
Gene206,2,3,3,4,4,5,1,0,0,1,1,1
Gene207,6,11,11,7,2,8,3,2,3,2,6,7
Gene208,114,108,96,94,105,104,14,17,16,15,19,18
Gene209,0,3,5,3,3,4,2,2,0,3,4,4
Gene210,5,13,8,10,12,7,2,1,1,1,1,3
Gene211,63,56,64,60,58,56,8,13,14,5,11,11
Gene212,120,114,128,109,129,126,18,20,17,13,30,22
Gene213,104,92,99,93,91,88,65,66,62,75,65,51
Gene214,18,10,12,17,15,9,0,4,2,1,1,3
Gene215,116,115,121,115,126,111,22,28,28,20,20,36
Gene216,15,12,12,10,17,16,5,8,8,6,7,6
Gene217,20,23,13,18,18,21,1,9,5,4,2,3
Gene218,145,167,150,166,161,125,60,74,70,72,65,66
Gene219,96,111,85,91,100,95,10,14,18,15,22,16
Gene220,235,246,220,283,269,233,155,149,148,125,167,172
Gene221,112,82,99,121,102,99,15,23,27,20,26,22
Gene222,70,54,64,53,70,57,17,18,14,19,14,17
Gene223,7,3,3,3,7,5,4,3,7,4,3,3
Gene224,29,26,24,23,28,24,16,14,12,7,8,9
Gene225,14,16,14,13,14,15,8,1,11,8,15,13
Gene226,11,18,16,9,17,16,3,5,3,6,5,6
Gene227,404,453,431,445,447,452,211,205,195,188,194,166
Gene228,36,36,35,21,27,26,6,12,8,3,13,11
Gene229,317,288,321,304,330,328,113,133,127,102,116,118
Gene230,90,93,87,87,79,98,39,42,33,46,33,36
Gene231,173,178,200,197,180,212,39,38,46,36,42,39
Gene232,33,53,43,51,53,45,34,37,24,33,25,46
Gene233,70,78,68,69,73,64,6,5,10,7,10,8
Gene234,50,44,45,33,32,40,7,14,5,11,5,7
Gene235,6,10,6,6,9,13,0,2,6,1,2,1
Gene236,127,134,132,157,126,136,33,26,43,34,37,33
Gene237,16,13,10,27,14,12,5,3,2,0,2,4
Gene238,7,4,6,3,6,5,6,2,1,1,1,0
Gene239,87,99,86,81,78,68,52,66,65,59,57,62
Gene240,14,12,9,7,7,4,7,3,8,7,2,2
Gene241,394,392,399,354,394,383,66,66,69,84,60,63
Gene242,421,423,443,398,401,417,246,293,262,272,272,274
Gene243,313,353,359,321,324,329,76,82,82,80,97,78
Gene244,28,20,26,20,20,24,4,4,1,1,3,2
Gene245,2,6,4,6,2,7,0,0,2,0,0,0
Gene246,346,352,364,368,352,373,101,98,109,86,99,92
Gene247,23,27,27,34,41,31,17,23,23,13,25,21
Gene248,437,436,413,451,464,430,78,66,77,67,86,75
Gene249,413,406,428,432,445,424,93,113,117,91,85,99
Gene250,246,250,232,257,248,228,152,157,132,130,152,146
Gene251,18,12,16,13,24,16,9,10,10,8,14,11
Gene252,25,28,30,40,27,24,2,3,4,6,4,1
Gene253,250,261,254,235,221,228,54,52,41,63,59,62
Gene254,21,21,19,20,11,22,3,3,4,1,5,3
Gene255,9,10,15,7,7,11,8,0,4,0,1,2
Gene256,64,49,67,81,56,58,18,19,17,15,15,19
Gene257,369,379,397,389,407,382,99,98,95,123,117,106
Gene258,107,136,123,110,133,123,38,46,40,36,35,34
Gene259,62,66,65,66,73,61,31,29,12,29,25,25
Gene260,6,7,10,7,10,4,1,0,1,3,1,2
Gene261,80,87,70,57,84,69,4,12,16,21,18,22
Gene262,511,469,502,455,466,485,124,131,90,137,111,125
Gene263,8,11,9,6,5,8,1,3,2,1,0,0
Gene264,47,50,42,63,64,60,20,19,13,19,18,18
Gene265,308,283,293,297,272,278,74,48,63,69,67,67
Gene266,123,133,144,147,135,135,37,34,43,35,41,33
Gene267,114,127,115,134,114,133,50,30,27,27,33,38
Gene268,153,125,122,122,119,143,25,26,27,28,29,29
Gene269,25,25,27,21,16,22,12,10,10,12,4,13
Gene270,15,15,19,18,15,16,4,6,3,7,7,4
Gene271,205,209,198,221,198,212,129,124,122,118,117,132
Gene272,191,188,205,197,187,171,58,80,61,52,75,80
Gene273,262,275,267,266,271,299,95,78,81,77,90,88
Gene274,329,348,356,330,338,333,68,58,60,68,73,76
Gene275,52,41,39,56,52,47,5,6,0,5,4,9
Gene276,50,46,34,47,57,47,14,7,11,14,11,8
Gene277,180,184,188,190,175,171,36,36,42,49,33,41
Gene278,93,83,106,119,83,87,27,23,27,25,25,28
Gene279,131,131,116,126,118,121,30,18,24,21,35,30
Gene280,192,171,191,203,181,191,130,114,111,98,117,115
Gene281,315,328,305,299,306,292,141,126,149,123,148,144
Gene282,25,22,15,14,26,17,7,6,6,11,8,10
Gene283,18,25,30,16,26,14,7,10,6,9,3,9
Gene284,11,5,8,12,12,14,4,5,1,2,8,5
Gene285,69,71,52,76,72,56,41,49,23,46,48,29
Gene286,4,4,4,4,8,6,3,2,2,2,0,1
Gene287,33,38,55,32,41,45,6,6,5,4,5,1
Gene288,54,57,58,47,60,44,26,28,27,20,27,16
Gene289,16,14,14,15,18,13,8,5,6,3,5,2
Gene290,55,64,78,77,68,64,39,22,28,26,43,23
Gene291,6,3,8,6,5,7,0,0,1,3,1,0
Gene292,5,4,6,10,4,4,3,6,4,1,3,0
Gene293,203,225,211,223,195,199,94,100,99,118,143,85
Gene294,19,32,22,34,19,28,10,7,7,4,3,5
Gene295,8,9,7,9,2,4,4,8,2,3,5,7
Gene296,45,50,50,55,53,49,24,49,26,40,36,37
Gene297,185,160,157,167,157,161,79,82,80,79,99,91
Gene298,12,10,12,11,16,13,7,5,11,7,5,3
Gene299,87,98,91,81,92,90,47,42,58,48,47,44
Gene300,9,8,9,4,4,7,3,3,2,1,3,3
Gene301,7,2,2,3,4,2,1,0,1,0,3,2
Gene302,43,55,45,54,52,64,16,10,12,8,7,10
Gene303,52,56,57,53,61,49,28,12,15,17,15,24
Gene304,90,83,96,77,79,75,36,29,35,30,38,52
Gene305,141,135,136,136,145,138,18,17,19,23,12,22
Gene306,463,484,455,470,462,474,152,144,190,160,152,147
Gene307,51,60,59,48,46,50,21,25,31,37,26,22
Gene308,21,16,18,15,20,12,5,6,5,5,4,4
Gene309,193,211,194,191,195,172,105,119,116,119,112,98
Gene310,14,21,15,14,12,9,6,12,7,4,4,6
Gene311,32,47,34,33,36,35,14,5,13,9,14,3
Gene312,12,7,8,5,8,4,0,0,0,3,1,1
Gene313,6,2,2,4,3,4,1,0,0,0,2,2
Gene314,439,411,442,446,420,441,83,98,87,96,86,97
Gene315,238,218,245,240,223,212,33,35,29,32,33,25
Gene316,104,131,115,123,112,145,71,55,65,79,63,54
Gene317,31,30,28,26,27,28,16,16,12,10,11,12
Gene318,12,9,9,15,9,8,3,3,1,3,3,4
Gene319,9,12,12,6,5,11,2,2,4,3,1,1
Gene320,7,17,11,10,15,18,6,3,3,7,5,5
Gene321,61,46,62,58,60,54,13,5,7,10,5,5
Gene322,142,140,140,136,133,133,27,23,31,29,22,24
Gene323,89,101,98,89,88,109,21,23,23,19,19,20
Gene324,13,14,12,6,11,24,7,8,7,6,7,6
Gene325,442,411,427,424,389,436,65,59,87,62,73,72
Gene326,158,131,144,146,141,126,16,18,19,23,20,19
Gene327,55,67,65,56,50,41,7,14,11,11,14,10
Gene328,63,86,77,84,62,80,49,58,54,59,52,57
Gene329,20,26,26,26,33,28,7,11,4,12,6,11
Gene330,10,19,17,15,15,10,7,10,13,9,11,8
Gene331,19,29,24,28,33,26,7,8,6,7,11,4
Gene332,144,163,168,159,156,176,91,97,99,102,100,91
Gene333,7,3,5,9,3,7,2,1,1,1,2,0
Gene334,5,5,5,1,12,9,1,1,1,0,0,4
Gene335,5,5,7,4,7,6,4,1,1,2,2,3
Gene336,3,7,3,9,0,4,1,1,2,4,3,5
Gene337,269,250,243,270,234,227,76,73,85,89,77,80
Gene338,124,110,90,132,105,134,42,40,53,55,54,49
Gene339,32,42,40,40,37,37,21,17,22,25,14,21
Gene340,4,7,8,11,11,7,2,3,2,0,2,3
Gene341,50,46,35,46,48,44,9,9,12,9,9,11
Gene342,38,50,36,32,45,48,16,17,22,32,26,31
Gene343,17,19,8,6,5,11,5,6,8,10,3,3
Gene344,40,28,31,16,34,40,20,14,14,13,8,12
Gene345,25,28,23,21,18,20,3,4,2,3,3,6
Gene346,87,69,62,88,67,77,21,22,18,22,15,17
Gene347,77,85,90,76,96,84,20,26,20,23,20,26
Gene348,6,7,3,4,4,6,1,0,0,1,0,0
Gene349,18,21,22,25,33,31,9,6,13,4,8,4
Gene350,74,83,80,87,98,78,57,65,51,57,63,63
Gene351,40,41,56,50,34,55,8,15,21,10,11,8
Gene352,272,269,236,248,239,255,34,29,33,36,35,44
Gene353,100,101,112,94,85,121,29,23,31,26,25,24
Gene354,9,3,8,12,14,7,1,4,2,0,0,1
Gene355,4,5,4,7,7,6,0,0,0,0,2,0
Gene356,103,65,93,102,102,73,60,60,47,52,40,38
Gene357,5,7,4,2,1,2,0,0,2,0,0,0
Gene358,68,57,71,45,69,75,34,53,40,42,42,48
Gene359,332,373,383,363,334,379,101,131,111,103,89,99
Gene360,58,69,55,68,70,60,27,36,30,36,30,28
Gene361,34,28,17,22,31,20,15,20,29,27,17,18
Gene362,90,98,95,95,78,89,41,25,36,26,32,24
Gene363,30,37,41,52,39,46,7,16,16,16,18,11
Gene364,55,66,71,45,73,59,21,20,20,18,16,15
Gene365,380,380,389,410,361,348,107,108,110,102,109,91
Gene366,20,27,25,24,31,26,23,18,15,22,14,11
Gene367,405,454,403,412,392,446,232,247,269,249,234,250
Gene368,324,337,335,323,323,323,104,101,96,88,85,89
Gene369,16,18,15,14,11,7,3,1,7,8,7,2
Gene370,2,5,9,6,5,3,3,1,0,1,1,3
Gene371,4,9,11,6,6,3,2,2,3,1,1,4
Gene372,2,6,5,5,2,3,0,0,1,0,2,0
Gene373,5,6,14,7,7,3,0,1,0,0,1,1
Gene374,120,122,95,114,110,119,33,44,38,40,30,41
Gene375,7,10,2,3,3,4,1,1,4,3,1,1
Gene376,10,23,11,24,16,18,12,9,10,3,7,12
Gene377,258,244,241,245,236,248,99,77,90,108,81,113
Gene378,3,4,3,7,5,5,0,0,1,2,0,1
Gene379,236,221,215,180,229,168,74,66,58,64,74,79
Gene380,17,15,14,14,12,20,5,4,10,3,1,5
Gene381,8,7,6,5,9,9,1,1,1,3,0,0
Gene382,125,123,102,118,118,123,19,20,21,15,16,16
Gene383,79,82,93,82,86,78,9,12,10,14,17,8
Gene384,253,290,290,269,309,278,100,114,118,82,76,111
Gene385,133,143,142,134,135,128,56,70,48,43,57,63
Gene386,183,180,193,200,205,200,62,49,68,61,48,55
Gene387,23,14,15,15,20,17,6,6,7,8,2,3
Gene388,7,12,10,14,14,13,2,1,4,3,5,6
Gene389,152,153,152,153,142,166,34,21,30,36,32,23
Gene390,211,211,207,233,201,190,48,35,41,30,44,39
Gene391,494,480,497,474,460,528,198,207,162,185,167,188
Gene392,35,43,34,32,29,24,15,15,7,13,14,18
Gene393,14,28,24,26,24,24,13,6,8,10,11,5
Gene394,161,164,171,170,168,160,89,119,90,91,102,94
Gene395,20,28,21,26,17,25,3,4,3,1,2,2
Gene396,393,407,353,397,390,355,132,121,142,136,155,147
Gene397,283,229,250,224,261,265,151,129,145,130,142,125
Gene398,35,33,22,42,30,28,20,22,22,26,24,13
Gene399,140,177,145,133,152,160,40,37,28,44,40,29
Gene400,150,157,158,155,168,169,31,39,42,30,31,33
Gene401,7,6,4,5,10,9,8,6,3,9,7,12
Gene402,316,330,349,324,299,291,320,329,332,306,337,325
Gene403,37,57,37,54,47,50,49,55,41,44,52,52
Gene404,243,207,222,198,234,214,247,206,212,221,241,239
Gene405,22,25,20,13,19,20,21,21,22,13,20,14
Gene406,341,291,319,290,291,298,296,331,315,323,349,299
Gene407,27,26,19,28,27,27,39,29,24,36,20,19
Gene408,3,4,4,3,5,3,4,9,6,2,2,4
Gene409,343,290,324,299,332,330,337,324,343,316,312,298
Gene410,5,5,8,9,5,6,6,11,6,4,2,6
Gene411,11,18,16,18,9,27,18,17,24,18,18,18
Gene412,416,394,394,408,378,405,378,393,394,378,421,431
Gene413,412,400,409,399,412,413,400,421,408,398,416,445
Gene414,53,67,72,69,60,60,52,66,56,65,81,52
Gene415,88,87,98,93,86,96,87,94,84,81,97,90
Gene416,47,27,27,31,34,38,43,36,56,34,34,38
Gene417,15,12,20,14,16,16,11,17,20,17,14,23
Gene418,19,16,13,25,24,11,21,22,14,18,27,22
Gene419,108,96,112,107,108,88,107,108,123,101,110,115
Gene420,157,172,155,136,170,141,130,138,147,147,148,150
Gene421,201,182,180,169,197,193,172,184,166,181,190,182
Gene422,184,183,177,190,198,193,179,178,183,187,191,177
Gene423,4,9,8,12,5,3,13,7,3,6,9,6
Gene424,43,37,45,45,55,47,48,55,50,52,52,37
Gene425,7,8,6,2,5,2,7,9,5,8,8,7
Gene426,72,56,56,65,56,70,55,52,57,67,63,57
Gene427,45,35,30,30,28,27,43,25,39,28,35,36
Gene428,298,277,317,292,285,298,287,319,308,311,316,266
Gene429,22,17,18,17,20,21,29,13,22,24,23,22
Gene430,7,5,6,4,3,6,8,3,7,8,9,11
Gene431,11,10,8,10,10,2,11,7,10,4,13,6
Gene432,142,171,154,171,154,146,142,154,170,152,166,156
Gene433,78,80,88,75,78,89,96,95,74,91,75,78
Gene434,4,4,8,5,8,10,10,4,6,8,7,10
Gene435,4,6,5,7,3,2,4,7,8,6,4,10
Gene436,122,115,111,126,118,122,123,133,102,118,118,115
Gene437,12,5,5,2,10,5,6,3,1,7,4,6
Gene438,213,192,211,216,211,226,216,209,234,212,222,204
Gene439,135,119,141,131,109,123,110,111,121,126,114,158
Gene440,10,9,9,7,4,5,6,7,5,9,8,7
Gene441,3,4,5,5,6,2,6,9,6,5,5,3
Gene442,495,493,437,495,467,504,492,469,471,466,472,507
Gene443,27,31,26,28,17,19,16,21,21,30,24,24
Gene444,35,20,24,24,22,12,18,23,28,20,27,29
Gene445,219,201,223,212,180,216,219,191,220,207,200,209
Gene446,402,397,417,399,374,369,386,390,402,413,385,391
Gene447,491,483,490,469,458,481,499,509,440,468,445,485
Gene448,180,160,137,128,151,165,145,151,155,138,155,167
Gene449,27,31,20,23,22,31,19,19,17,29,26,28
Gene450,4,7,4,7,3,10,5,8,7,5,6,2
Gene451,170,174,173,175,171,194,170,170,175,186,174,148
Gene452,72,63,54,64,48,68,72,55,68,52,54,54
Gene453,29,27,30,30,28,21,34,32,28,35,24,29
Gene454,330,336,337,348,302,318,313,284,341,298,314,301
Gene455,4,6,4,9,8,7,4,4,11,5,5,4
Gene456,38,64,43,52,43,49,54,39,45,50,35,46
Gene457,3,3,6,0,5,7,6,3,4,4,2,3
Gene458,40,41,43,35,46,29,39,43,41,39,43,37
Gene459,2,5,4,6,5,6,4,6,5,8,5,3
Gene460,7,7,4,7,4,7,3,11,10,6,4,9
Gene461,6,6,7,8,9,8,6,12,7,6,6,2
Gene462,104,96,86,90,99,111,106,80,85,106,100,77
Gene463,139,126,146,131,160,147,156,159,153,150,146,147
Gene464,55,57,76,60,71,68,58,60,69,62,65,65
Gene465,416,427,435,416,471,422,445,401,437,397,443,416
Gene466,16,29,25,17,17,28,33,30,26,22,22,17
Gene467,19,17,16,17,18,10,21,10,14,11,15,16
Gene468,270,269,284,278,282,282,272,281,284,281,251,290
Gene469,10,16,13,13,13,4,13,15,18,14,15,9
Gene470,430,409,439,422,431,437,410,398,430,447,465,453
Gene471,4,2,3,2,3,6,2,2,4,5,6,7
Gene472,428,442,435,462,456,437,423,434,441,430,425,465
Gene473,3,4,3,3,4,4,6,5,9,4,7,6
Gene474,296,315,298,301,300,286,333,306,304,305,310,317
Gene475,45,60,51,54,62,52,52,47,45,52,61,60
Gene476,478,500,533,465,491,500,525,518,474,501,463,482
Gene477,7,7,5,8,7,9,5,2,9,9,6,8
Gene478,67,33,74,60,65,53,56,51,48,61,58,67
Gene479,417,449,451,441,420,465,470,421,417,434,441,461
Gene480,48,46,57,45,43,50,52,61,50,36,47,47
Gene481,78,80,64,92,75,68,90,86,72,82,85,87
Gene482,127,105,130,113,128,124,104,108,130,118,101,113
Gene483,38,31,37,43,40,33,31,42,39,36,32,34
Gene484,78,96,72,96,84,93,88,90,82,75,90,77
Gene485,71,66,76,53,64,68,70,70,70,78,64,70
Gene486,313,320,315,297,327,302,301,298,329,297,315,348
Gene487,8,5,7,5,8,6,3,10,8,6,7,5
Gene488,20,11,16,22,14,11,13,11,17,21,13,11
Gene489,390,412,388,447,432,392,403,369,408,389,433,389
Gene490,315,295,302,290,301,300,296,290,285,331,317,288
Gene491,44,32,34,34,32,40,31,25,24,46,39,45
Gene492,86,88,88,87,65,89,68,78,80,94,87,90
Gene493,13,23,23,17,12,16,20,21,16,25,9,17
Gene494,13,9,9,8,10,15,11,9,14,8,8,7
Gene495,30,46,30,45,39,46,25,44,40,42,31,39
Gene496,28,24,24,29,22,24,34,20,21,23,25,22
Gene497,74,78,74,52,76,65,64,67,63,69,70,86
Gene498,4,7,6,8,3,0,5,7,8,5,7,7
Gene499,416,458,466,446,487,458,474,424,434,469,442,439
Gene500,474,488,495,517,447,481,443,468,456,476,437,464
Gene501,107,124,117,107,119,106,119,129,114,125,112,116
Gene502,56,54,59,50,57,50,43,59,47,61,53,52
Gene503,18,29,15,25,16,16,13,20,20,16,13,13
Gene504,184,203,217,241,207,212,179,188,216,190,203,217
Gene505,106,117,119,90,113,110,124,91,107,117,99,121
Gene506,12,7,16,6,12,8,10,8,6,6,8,3
Gene507,320,320,357,361,370,290,368,338,311,296,322,324
Gene508,223,213,237,224,213,201,236,221,248,212,238,210
Gene509,407,408,361,358,430,387,416,422,405,402,389,408
Gene510,143,156,127,152,132,149,134,170,129,109,112,139
Gene511,83,80,91,90,77,79,73,80,78,76,72,84
Gene512,28,40,34,21,23,22,32,25,22,37,29,31
Gene513,339,362,376,378,325,355,378,378,396,386,367,358
Gene514,295,225,255,257,249,269,280,258,282,266,231,256
Gene515,4,2,8,4,5,1,3,5,7,5,8,6
Gene516,0,7,4,8,3,2,4,4,2,6,5,5
Gene517,28,28,34,37,27,29,27,24,19,31,16,35
Gene518,193,181,218,205,195,196,217,204,240,188,217,208
Gene519,484,503,495,441,467,474,486,504,454,471,470,443
Gene520,9,5,12,7,9,8,10,4,7,7,8,7
Gene521,67,85,75,91,71,72,72,57,64,82,78,76
Gene522,24,14,16,35,28,32,29,25,31,21,21,45
Gene523,447,444,449,443,469,452,412,447,435,446,425,437
Gene524,230,227,206,209,250,239,262,264,230,255,231,213
Gene525,229,226,226,245,246,226,242,228,257,216,221,218
Gene526,42,41,46,40,43,37,30,41,41,38,39,37
Gene527,23,28,28,28,38,34,31,25,29,29,27,31
Gene528,10,16,13,20,20,17,14,14,16,18,10,9
Gene529,8,5,6,5,4,4,10,6,2,6,6,3
Gene530,255,257,303,258,240,263,283,267,279,277,258,296
Gene531,211,222,210,215,224,205,208,185,219,212,223,210
Gene532,489,541,454,515,522,520,533,521,533,515,524,496
Gene533,565,495,512,531,527,489,508,485,473,465,471,514
Gene534,59,48,55,62,56,46,52,55,76,63,47,68
Gene535,168,168,152,169,170,167,163,137,167,154,170,168
Gene536,350,401,359,383,382,378,387,386,389,375,375,398
Gene537,251,232,248,245,249,261,274,261,243,239,280,235
Gene538,10,12,7,13,16,18,10,16,16,19,20,12
Gene539,42,36,45,38,31,23,33,45,37,40,36,37
Gene540,11,5,13,6,4,6,9,4,13,6,6,7
Gene541,389,423,410,414,413,421,446,413,401,417,435,352
Gene542,77,73,82,75,58,87,71,73,75,87,72,61
Gene543,18,16,17,13,14,16,8,20,21,11,8,14
Gene544,98,97,119,112,116,104,124,106,107,117,106,103
Gene545,88,85,75,75,67,77,69,90,79,85,81,74
Gene546,20,17,20,21,12,33,22,16,19,32,31,17
Gene547,7,9,9,11,11,2,7,8,9,7,7,7
Gene548,84,99,102,109,85,100,121,115,93,98,107,102
Gene549,50,59,56,41,54,55,47,54,46,44,63,50
Gene550,168,174,179,199,189,165,194,181,158,171,151,167
Gene551,48,48,56,59,54,50,48,37,55,63,43,49
Gene552,272,241,247,255,268,213,227,237,253,273,271,265
Gene553,56,50,60,68,62,72,61,55,59,46,61,56
Gene554,59,65,56,53,64,54,51,55,70,68,73,56
Gene555,248,273,311,319,278,294,287,283,284,288,289,264
Gene556,39,33,37,29,35,40,11,41,25,37,29,28
Gene557,7,4,5,12,5,7,10,6,9,5,11,8
Gene558,3,9,2,3,3,0,4,9,4,6,2,1
Gene559,130,164,132,150,140,152,151,168,157,157,151,147
Gene560,84,90,78,60,82,81,89,76,80,81,82,87
Gene561,124,104,112,126,115,123,127,130,110,118,137,102
Gene562,15,9,12,11,10,9,15,5,10,8,13,16
Gene563,6,5,12,13,11,12,9,5,8,7,6,9
Gene564,5,5,3,2,7,4,4,5,3,6,5,6
Gene565,27,23,23,20,22,30,19,23,22,27,27,32
Gene566,69,77,66,78,72,68,62,77,51,72,64,85
Gene567,32,20,16,26,27,18,27,23,45,34,23,26
Gene568,26,36,37,28,21,38,28,38,39,30,33,34
Gene569,379,342,331,313,313,365,317,333,325,334,337,331
Gene570,25,21,27,24,12,24,18,26,19,15,20,32
Gene571,46,47,48,51,52,45,47,50,51,48,58,46
Gene572,182,153,191,160,202,188,184,196,156,160,181,195
Gene573,30,26,23,32,23,28,28,36,32,35,20,19
Gene574,67,75,84,81,81,86,91,63,67,88,74,78
Gene575,252,278,254,297,279,263,269,267,282,268,244,269
Gene576,397,372,414,421,396,406,369,398,406,379,417,403
Gene577,7,8,5,12,6,7,12,6,7,6,7,7
Gene578,378,354,329,334,355,364,397,381,354,340,364,354
Gene579,45,49,47,36,41,44,56,44,47,33,42,47
Gene580,18,12,15,8,8,19,9,10,17,22,19,16
Gene581,44,44,31,35,34,32,38,36,36,35,34,36
Gene582,484,479,424,447,486,435,476,493,472,508,465,455
Gene583,42,54,43,40,50,39,28,45,29,34,38,52
Gene584,20,30,13,22,22,19,15,24,28,22,24,18
Gene585,78,83,81,87,110,103,107,95,92,88,97,82
Gene586,14,10,11,10,9,12,14,14,11,16,21,13
Gene587,5,8,7,3,9,7,7,8,10,5,8,4
Gene588,4,4,8,8,4,8,11,10,7,7,9,8
Gene589,7,8,5,7,11,5,9,10,7,11,10,5
Gene590,8,10,9,6,9,6,3,3,9,12,8,6
Gene591,4,4,8,9,8,5,7,14,4,9,8,13
Gene592,101,88,102,104,81,99,73,97,95,88,89,86
Gene593,5,5,11,12,10,7,7,10,11,11,12,4
Gene594,16,24,16,18,23,23,25,13,27,27,19,23
Gene595,313,285,320,311,312,310,305,312,306,324,278,348
Gene596,42,39,35,34,43,51,32,44,49,33,55,41
Gene597,102,123,96,101,99,105,105,86,94,87,91,103
Gene598,5,10,10,4,5,7,14,10,10,17,10,6
Gene599,12,6,9,10,11,9,15,4,9,6,16,8
Gene600,3,2,10,9,4,2,4,7,7,7,2,4
Gene601,13,9,8,10,9,7,7,8,8,11,16,6
Gene602,14,14,14,16,10,18,14,13,17,9,21,14
Gene603,12,7,15,15,6,9,8,9,10,8,12,8
Gene604,7,4,5,7,9,4,5,3,5,8,6,8
Gene605,9,14,4,8,7,9,7,4,13,6,6,5
Gene606,36,43,52,36,42,30,27,41,29,35,42,48
Gene607,12,16,10,9,14,15,14,7,8,14,13,10
Gene608,18,27,25,26,19,23,18,31,16,23,25,30
Gene609,47,40,43,46,47,44,52,51,50,42,53,57
Gene610,104,112,117,92,103,115,132,119,114,99,135,129
Gene611,2,4,5,6,1,5,5,4,4,5,7,2
Gene612,196,190,216,190,217,186,218,167,199,209,220,174
Gene613,90,74,94,81,89,76,63,92,84,85,83,87
Gene614,6,7,6,8,8,6,6,6,6,5,6,7
Gene615,282,275,282,309,267,254,259,255,306,251,274,275
Gene616,337,344,342,300,346,338,358,370,338,351,380,345
Gene617,3,5,2,3,5,6,9,6,7,8,5,7
Gene618,11,14,17,15,17,17,10,16,10,14,12,12
Gene619,177,178,212,211,175,207,208,198,180,202,211,218
Gene620,153,144,141,140,154,160,148,153,170,142,136,155
Gene621,13,11,8,10,15,10,5,9,6,10,11,10
Gene622,9,11,15,13,7,8,6,13,13,15,11,14
Gene623,20,24,20,25,21,23,28,14,34,29,21,17
Gene624,43,42,41,52,47,49,31,43,41,45,38,33
Gene625,78,97,68,88,70,89,77,90,70,93,94,86
Gene626,16,28,26,19,25,25,27,27,20,30,18,31
Gene627,31,38,35,36,30,31,35,40,42,34,57,36
Gene628,139,148,153,164,149,152,135,134,157,162,123,147
Gene629,2,3,5,6,3,8,3,4,5,1,3,5
Gene630,15,18,19,13,14,22,15,11,11,11,10,13
Gene631,143,131,130,109,144,102,150,125,125,138,111,120
Gene632,311,303,313,298,314,297,305,311,303,295,313,309
Gene633,43,37,57,42,43,54,43,49,49,35,63,55
Gene634,36,49,54,41,53,48,44,47,59,53,58,44
Gene635,7,6,7,7,5,6,3,6,2,7,3,6
Gene636,40,27,35,43,24,34,28,40,31,31,41,34
Gene637,49,46,43,40,52,49,43,65,55,49,46,43
Gene638,11,6,15,15,10,13,11,18,8,8,15,12
Gene639,18,17,18,16,11,16,11,12,17,17,20,12
Gene640,39,27,27,38,29,19,28,21,24,26,25,26
Gene641,4,6,3,3,8,4,5,3,8,4,1,4
Gene642,19,18,20,18,18,21,19,18,18,20,30,30
Gene643,10,10,15,12,21,10,9,8,10,17,12,4
Gene644,23,19,23,15,21,18,11,21,16,17,22,20
Gene645,9,6,6,9,12,12,5,9,10,6,9,7
Gene646,343,291,328,286,305,324,308,299,298,304,325,323
Gene647,67,76,63,60,62,74,75,58,60,61,71,74
Gene648,107,109,113,98,101,103,84,100,108,118,124,105
Gene649,173,203,172,179,172,195,200,181,169,178,194,201
Gene650,41,42,41,46,39,33,44,35,37,50,30,42
Gene651,10,6,9,9,7,9,8,4,3,5,3,8
Gene652,50,45,58,49,63,53,53,49,55,57,50,54
Gene653,79,79,67,76,54,68,53,69,68,62,69,63
Gene654,177,126,163,139,120,143,142,145,144,133,134,159
Gene655,35,37,32,24,31,30,27,26,41,35,29,31
Gene656,10,10,9,7,6,12,5,8,4,11,5,11
Gene657,15,17,21,14,19,13,16,17,14,19,18,24
Gene658,22,29,27,20,29,28,27,18,27,21,28,31
Gene659,103,101,92,88,87,91,109,99,93,104,87,87
Gene660,56,63,60,66,69,68,65,69,61,72,57,57
Gene661,23,17,26,18,23,22,26,19,27,30,23,17
Gene662,477,502,493,464,440,483,443,440,481,472,454,520
Gene663,85,78,75,62,76,93,63,79,88,60,77,83
Gene664,14,8,11,8,10,10,11,13,11,19,16,12
Gene665,6,6,8,5,3,8,4,2,6,5,10,4
Gene666,10,6,7,9,7,5,11,10,6,16,11,8
Gene667,12,16,15,8,12,14,16,20,13,14,17,10
Gene668,9,11,10,11,12,3,9,2,11,9,9,10
Gene669,13,13,15,10,7,3,15,7,10,13,10,9
Gene670,15,14,13,11,16,21,17,10,19,16,14,22
Gene671,5,6,15,11,7,5,5,15,8,9,13,7
Gene672,340,365,320,288,294,315,317,314,271,327,308,281
Gene673,3,4,11,8,3,3,6,7,4,7,9,4
Gene674,49,52,51,50,59,70,61,56,56,42,40,53
Gene675,29,19,30,21,27,30,26,32,25,27,19,36
Gene676,462,440,496,481,465,490,448,468,469,474,470,468
Gene677,4,12,9,5,8,8,6,8,6,3,9,3
Gene678,16,33,20,33,32,37,20,29,33,21,29,29
Gene679,386,456,416,419,422,450,466,448,444,460,447,460
Gene680,282,242,260,265,265,255,259,256,257,282,268,316
Gene681,208,207,220,212,223,200,229,197,194,231,223,200
Gene682,14,18,14,16,10,18,18,11,12,12,10,8
Gene683,12,14,9,8,9,7,7,8,9,9,6,15
Gene684,109,105,99,96,93,111,105,115,92,97,118,105
Gene685,348,374,361,359,337,368,381,337,349,375,383,348
Gene686,56,56,67,54,68,61,63,54,52,54,54,62
Gene687,58,42,69,61,54,63,72,55,77,56,54,57
Gene688,8,13,22,16,21,24,21,11,9,19,18,16
Gene689,169,169,180,154,175,166,163,158,153,182,164,190
Gene690,9,8,7,11,10,11,8,14,9,5,4,9
Gene691,16,21,27,17,26,16,20,17,16,21,25,13
Gene692,25,33,40,22,37,36,26,32,31,28,28,37
Gene693,38,59,45,39,39,58,43,47,41,45,48,31
Gene694,8,11,11,18,12,14,10,12,12,12,12,13
Gene695,8,5,3,5,3,6,9,9,7,5,14,11
Gene696,88,73,74,66,79,82,75,101,76,76,71,86
Gene697,16,17,19,12,19,19,10,24,27,11,11,22
Gene698,59,56,68,75,79,64,68,74,62,63,63,68
Gene699,7,6,7,9,6,11,8,8,12,8,11,5
Gene700,41,41,36,51,44,49,50,47,39,37,39,57
Gene701,58,54,49,50,52,51,54,59,52,59,43,52
Gene702,3,3,10,6,5,3,4,3,3,5,8,3
Gene703,19,23,16,29,16,13,17,21,13,23,24,21
Gene704,6,10,8,8,10,6,4,8,8,3,9,5
Gene705,5,3,13,5,5,8,5,11,6,1,4,4
Gene706,507,433,512,478,483,500,492,488,486,537,500,495
Gene707,21,13,18,26,19,20,14,24,15,28,23,12
Gene708,228,221,193,209,219,192,193,207,192,206,206,195
Gene709,15,10,18,13,10,12,13,15,13,15,20,11
Gene710,90,109,136,105,117,129,107,99,115,105,97,112
Gene711,153,160,137,150,153,169,177,164,174,155,178,185
Gene712,68,60,58,90,81,87,63,68,66,68,75,66
Gene713,41,34,31,46,45,43,40,41,47,41,34,43
Gene714,28,32,26,28,28,29,26,26,27,28,35,28
Gene715,17,12,29,22,23,18,24,26,26,20,27,19
Gene716,352,290,370,373,355,348,379,346,354,340,367,351
Gene717,229,203,241,218,223,226,200,206,221,218,221,216
Gene718,424,420,441,420,426,435,436,423,421,461,442,384
Gene719,6,14,8,13,8,13,15,9,6,9,3,9
Gene720,145,138,155,130,141,132,147,170,153,145,155,153
Gene721,391,363,388,374,346,375,377,364,354,380,399,386
Gene722,5,9,10,7,9,13,10,9,7,14,9,10
Gene723,3,1,5,5,1,6,6,7,3,10,9,5
Gene724,145,134,131,152,136,121,155,148,143,150,154,138
Gene725,60,58,57,55,67,62,55,56,80,55,79,76
Gene726,223,241,252,208,249,225,250,261,215,234,244,231
Gene727,10,11,4,10,8,6,5,8,9,8,8,8
Gene728,221,188,209,179,197,181,185,187,187,166,170,216
Gene729,3,11,8,11,17,10,13,6,5,13,15,5
Gene730,14,4,6,7,13,10,7,10,6,8,8,8
Gene731,13,14,11,8,17,9,7,11,11,5,15,8
Gene732,219,209,207,208,214,194,195,218,210,205,192,212
Gene733,105,110,101,112,105,91,99,100,97,83,93,99
Gene734,56,62,50,43,53,39,53,47,53,44,47,60
Gene735,18,27,22,21,20,25,30,19,27,25,21,22
Gene736,295,253,297,287,309,298,285,282,276,300,281,276
Gene737,26,29,23,30,20,42,29,25,32,20,24,29
Gene738,232,203,216,183,236,182,227,179,207,223,210,187
Gene739,37,39,33,36,47,42,41,39,33,29,34,34
Gene740,24,27,30,22,24,25,24,22,25,27,24,32
Gene741,32,38,26,34,31,37,30,44,45,43,33,42
Gene742,14,13,8,20,17,18,15,21,16,15,13,17
Gene743,164,159,145,169,146,158,175,159,159,169,147,173
Gene744,38,40,46,55,39,47,50,47,51,50,60,38
Gene745,13,13,14,8,16,14,11,12,13,14,11,7
Gene746,318,324,345,306,306,294,302,342,312,305,317,284
Gene747,28,19,29,19,27,23,27,12,24,21,22,26
Gene748,67,52,62,62,65,51,67,47,64,63,49,56
Gene749,316,291,353,309,314,325,325,332,277,354,345,324
Gene750,85,88,81,72,87,78,97,81,78,91,80,99
Gene751,8,9,6,10,7,7,7,2,8,6,7,6
Gene752,361,418,387,390,387,394,397,412,372,397,393,374
Gene753,85,77,113,81,81,74,76,85,97,76,103,104
Gene754,16,25,27,16,25,16,24,14,23,9,17,25
Gene755,10,4,9,8,5,9,9,8,6,8,4,6
Gene756,170,177,185,186,162,204,170,179,205,175,163,177
Gene757,82,83,82,92,85,80,65,94,81,74,81,87
Gene758,55,45,53,64,54,50,53,55,53,63,41,41
Gene759,300,288,316,333,317,307,282,294,324,290,317,293
Gene760,207,180,178,182,147,186,187,173,193,175,202,165
Gene761,10,8,3,11,12,5,9,7,8,11,6,7
Gene762,14,19,12,16,17,16,15,15,18,18,20,27
Gene763,13,13,15,20,12,13,6,11,6,18,17,14
Gene764,146,141,163,157,149,140,154,145,154,155,152,142
Gene765,7,4,3,7,4,3,5,1,5,8,3,3
Gene766,63,70,75,79,59,67,72,71,53,43,61,80
Gene767,184,155,177,174,143,158,177,156,163,158,169,166
Gene768,284,287,267,276,266,244,264,278,293,274,290,261
Gene769,21,27,19,25,27,18,29,23,20,27,21,21
Gene770,220,240,210,187,195,233,204,259,192,224,207,207
Gene771,5,2,5,9,7,7,6,9,6,9,10,8
Gene772,228,244,223,228,235,249,269,219,256,233,250,248
Gene773,4,7,4,5,10,3,3,7,7,5,7,11
Gene774,20,41,24,17,27,22,31,32,34,22,27,28
Gene775,189,244,180,207,177,200,180,190,176,201,198,176
Gene776,6,10,8,9,7,8,13,10,8,10,6,6
Gene777,10,17,7,6,8,10,13,13,15,9,18,12
Gene778,128,127,155,118,149,142,140,108,126,125,122,119
Gene779,135,145,152,130,134,146,131,126,135,130,138,137
Gene780,84,93,85,103,94,105,79,92,88,92,112,93
Gene781,115,128,123,130,123,106,118,118,116,90,109,101
Gene782,62,42,69,44,58,68,66,59,59,56,61,49
Gene783,6,14,16,18,14,11,17,6,6,15,15,17
Gene784,29,22,16,14,32,18,23,22,27,22,14,21
Gene785,7,12,7,9,10,10,12,7,12,9,14,11
Gene786,378,349,338,329,313,355,309,326,325,286,360,288
Gene787,70,73,71,66,76,70,77,64,66,62,60,80
Gene788,29,33,36,22,30,18,23,25,29,25,31,26
Gene789,39,33,24,32,42,50,47,36,33,43,32,41
Gene790,391,405,358,388,410,389,393,405,398,421,417,387
Gene791,10,15,7,14,14,10,8,13,8,8,10,7
Gene792,75,68,85,75,70,67,79,66,67,75,74,71
Gene793,41,45,36,44,45,52,41,45,39,43,55,43
Gene794,55,69,78,84,90,94,81,84,78,75,70,89
Gene795,4,2,4,3,5,4,1,9,7,4,3,5
Gene796,260,281,300,265,276,254,291,274,247,247,273,276
Gene797,364,351,383,370,365,393,389,377,358,379,364,383
Gene798,61,57,70,62,49,88,68,66,58,69,55,67
Gene799,133,120,108,118,115,123,120,112,130,126,123,121
Gene800,354,354,338,346,361,387,331,368,371,349,364,351
Gene801,120,115,127,118,124,130,132,143,142,122,144,122
Gene802,12,11,8,4,10,5,3,8,8,12,7,13
Gene803,73,75,65,60,68,54,58,77,49,68,73,56
Gene804,59,71,77,81,74,83,72,72,81,64,83,79
Gene805,27,25,29,41,27,35,37,35,34,25,21,22
Gene806,138,151,134,151,140,141,122,148,151,154,146,127
Gene807,369,338,375,332,364,381,373,374,396,394,371,396
Gene808,340,375,335,354,340,354,371,346,337,364,337,334
Gene809,40,40,42,32,38,40,29,32,39,37,30,41
Gene810,5,11,9,5,10,5,13,5,7,6,9,4
Gene811,474,445,461,430,469,445,433,478,455,511,516,431
Gene812,228,227,259,249,259,239,227,204,230,239,246,220
Gene813,7,9,8,8,10,5,4,8,9,6,6,7
Gene814,344,334,381,345,349,322,326,317,350,337,374,355
Gene815,280,272,283,285,285,260,271,269,277,276,249,264
Gene816,47,53,44,45,41,46,40,37,58,57,57,50
Gene817,68,65,62,64,70,70,72,73,64,70,63,72
Gene818,36,18,23,25,27,21,26,16,30,25,21,25
Gene819,8,4,5,4,6,7,10,4,2,4,7,7
Gene820,26,18,19,16,18,21,16,25,27,15,25,22
Gene821,170,214,210,198,196,207,178,193,187,192,181,181
Gene822,5,4,4,4,3,5,2,2,4,1,4,0
Gene823,17,23,20,28,14,24,24,27,22,12,26,14
Gene824,34,29,31,27,19,28,30,32,28,35,22,32
Gene825,47,43,62,42,38,55,57,50,55,57,52,51
Gene826,336,374,379,328,354,332,337,347,325,354,342,374
Gene827,21,20,26,20,26,19,23,20,23,18,20,21
Gene828,16,25,17,24,12,21,25,18,26,25,18,31
Gene829,167,147,145,145,136,121,146,128,142,143,131,148
Gene830,35,35,29,38,33,39,29,31,40,37,44,38
Gene831,9,13,12,14,8,5,8,4,11,6,16,7
Gene832,20,35,44,40,37,27,27,30,41,39,34,32
Gene833,5,7,10,13,5,1,8,10,4,10,10,9
Gene834,10,10,10,13,10,12,9,6,6,4,10,10
Gene835,47,45,45,51,46,44,41,42,55,41,52,51
Gene836,45,22,24,28,32,27,28,41,27,36,32,32
Gene837,336,306,331,339,341,314,311,340,336,369,334,361
Gene838,35,18,21,27,28,18,30,16,31,18,21,23
Gene839,69,74,73,71,70,61,77,64,70,60,62,64
Gene840,80,81,87,80,83,86,91,96,84,88,70,71
Gene841,3,4,3,5,8,6,3,2,7,9,4,3
Gene842,88,91,101,82,103,96,102,98,100,90,119,115
Gene843,10,10,12,8,9,10,6,14,8,8,9,5
Gene844,391,364,369,418,413,421,423,435,441,384,427,458
Gene845,8,15,7,12,11,11,13,5,12,7,8,10
Gene846,30,35,34,31,36,26,28,32,25,34,36,32
Gene847,7,3,5,4,3,5,6,3,15,3,5,6
Gene848,517,544,501,469,520,500,495,462,501,474,501,450
Gene849,43,58,47,36,52,52,45,47,40,40,39,62
Gene850,63,67,70,69,65,70,73,69,64,73,69,74
Gene851,8,8,14,7,6,2,6,3,7,6,6,5
Gene852,141,162,152,170,149,162,143,153,142,143,162,141
Gene853,8,9,9,12,14,16,11,13,8,16,9,10
Gene854,320,308,326,329,326,303,282,316,335,305,302,343
Gene855,11,10,13,9,18,16,8,7,4,11,13,9
Gene856,6,15,8,12,5,19,16,8,10,9,9,11
Gene857,5,5,6,5,1,6,4,2,5,6,5,5
Gene858,37,42,60,47,49,39,32,38,43,32,38,48
Gene859,82,56,83,56,63,57,57,71,56,70,74,64
Gene860,8,7,3,3,5,4,7,4,4,4,7,3
Gene861,143,160,174,179,179,172,211,201,177,183,148,192
Gene862,34,30,32,32,42,40,34,39,25,39,36,29
Gene863,47,72,60,47,56,56,54,43,43,53,48,51
Gene864,31,35,43,41,38,35,41,33,27,27,31,32
Gene865,26,23,30,27,22,24,25,32,29,23,27,27
Gene866,54,79,60,55,65,49,58,72,47,46,68,59
Gene867,7,7,9,8,9,8,12,4,7,12,8,9
Gene868,7,9,8,12,9,14,11,12,11,9,20,6
Gene869,246,253,273,226,266,275,272,255,268,247,279,284
Gene870,401,376,385,398,385,415,387,398,375,395,396,392
Gene871,18,29,37,19,27,14,30,27,25,24,21,25
Gene872,12,14,18,13,21,15,12,15,20,6,19,17
Gene873,88,86,86,91,98,94,86,75,95,94,92,82
Gene874,24,23,32,27,27,26,31,30,31,23,31,22
Gene875,5,3,5,5,2,6,4,4,3,2,5,9
Gene876,9,9,16,8,14,6,8,11,8,10,7,7
Gene877,136,131,125,119,144,148,124,127,128,112,118,120
Gene878,95,97,98,99,87,97,106,108,98,112,107,98
Gene879,7,7,4,3,7,4,3,5,4,3,11,9
Gene880,13,10,12,21,10,10,15,14,10,11,10,13
Gene881,18,8,13,11,17,13,18,9,17,14,8,7
Gene882,112,96,104,109,108,94,103,126,110,106,113,110
Gene883,6,4,4,6,4,6,3,3,4,4,0,6
Gene884,4,6,7,8,5,8,5,4,5,5,8,6
Gene885,179,239,192,190,196,177,188,188,181,202,179,199
Gene886,11,8,8,10,11,12,12,10,10,11,6,10
Gene887,99,100,101,128,115,102,97,98,103,94,89,87
Gene888,13,12,13,12,12,18,17,3,12,9,10,11
Gene889,4,6,6,2,4,4,9,7,5,6,1,4
Gene890,12,21,10,18,12,12,15,15,14,17,17,12
Gene891,134,127,137,145,145,124,125,136,120,107,155,145
Gene892,263,242,249,259,263,282,246,252,281,230,253,257
Gene893,208,230,213,248,228,226,222,223,224,223,238,233
Gene894,28,23,19,25,29,35,13,15,22,33,27,34
Gene895,87,96,111,106,115,97,81,84,119,94,112,95
Gene896,12,14,10,10,12,12,11,23,12,7,13,14
Gene897,11,21,15,24,24,13,14,15,19,24,14,11
Gene898,297,289,301,322,253,327,289,289,295,310,341,338
Gene899,6,3,1,2,6,5,3,3,4,5,4,5
Gene900,8,6,4,2,6,7,4,4,6,12,4,4
Gene901,13,11,8,8,7,5,12,12,6,14,15,15
Gene902,7,6,7,6,5,5,9,10,6,3,4,5
Gene903,9,8,11,14,9,5,11,11,12,13,8,6
Gene904,66,65,69,67,78,69,67,69,76,63,74,59
Gene905,41,26,34,31,28,39,31,26,34,28,27,22
Gene906,294,321,324,273,300,309,300,287,322,301,287,327
Gene907,205,204,198,230,214,223,218,203,209,240,190,215
Gene908,19,23,28,19,23,21,15,23,17,13,16,31
Gene909,16,18,13,13,6,10,20,15,15,12,11,6
Gene910,22,20,29,24,22,22,24,22,28,20,19,29
Gene911,59,62,73,80,71,64,90,65,62,75,61,61
Gene912,14,10,21,15,11,11,9,11,16,11,6,21
Gene913,67,91,91,78,83,86,88,76,79,78,73,96
Gene914,35,28,27,25,40,26,24,36,31,26,23,38
Gene915,56,62,41,49,58,57,58,60,50,69,58,56
Gene916,41,35,33,43,38,34,26,29,35,46,32,35
Gene917,17,12,14,18,17,14,11,17,19,14,14,17
Gene918,369,355,435,372,423,405,416,351,401,364,376,418
Gene919,176,147,144,183,160,180,153,160,154,145,160,154
Gene920,5,5,7,6,11,8,5,7,9,6,9,8
Gene921,283,306,293,245,289,273,244,260,287,283,290,272
Gene922,36,38,55,55,36,49,36,34,44,57,46,55
Gene923,289,312,317,298,328,307,305,321,337,319,304,331
Gene924,197,200,204,189,176,185,207,183,213,189,199,193
Gene925,33,31,29,31,33,30,33,33,33,29,25,39
Gene926,4,8,2,5,3,5,3,4,7,3,5,2
Gene927,18,12,20,13,10,12,19,13,11,18,15,12
Gene928,57,67,60,61,57,61,58,43,64,63,39,57
Gene929,91,95,89,92,74,86,95,79,82,81,82,88
Gene930,12,18,13,13,17,10,19,13,12,14,17,10
Gene931,9,5,6,10,5,8,7,6,11,6,6,6
Gene932,243,207,241,255,215,230,239,223,223,203,230,234
Gene933,499,511,439,492,474,459,486,492,469,469,471,484
Gene934,47,59,53,56,47,46,56,45,68,53,51,47
Gene935,7,10,7,9,5,11,10,15,14,9,17,13
Gene936,15,17,18,18,9,16,17,21,11,8,6,15
Gene937,3,5,1,0,2,2,3,3,6,2,6,3
Gene938,368,357,340,322,349,351,315,336,353,349,341,362
Gene939,8,7,7,10,7,6,7,5,3,5,8,5
Gene940,60,79,72,61,64,72,69,61,82,64,59,58
Gene941,16,8,16,18,10,18,13,13,8,15,11,11
Gene942,72,50,66,59,70,61,65,53,55,47,66,55
Gene943,109,101,103,77,86,96,104,99,100,85,94,86
Gene944,231,255,214,234,233,248,236,228,240,231,219,245
Gene945,13,9,7,14,10,12,6,16,10,10,12,11
Gene946,2,5,5,3,7,4,5,6,6,3,9,5
Gene947,5,8,7,5,5,2,6,10,2,9,8,5
Gene948,323,325,301,304,314,317,316,319,286,319,337,296
Gene949,252,273,279,284,284,256,258,278,277,280,283,287
Gene950,88,64,60,77,57,75,86,80,62,69,66,78
Gene951,70,88,76,70,74,71,70,88,69,67,60,78
Gene952,102,90,95,101,104,100,108,102,90,119,86,99
Gene953,11,6,10,13,8,10,11,13,8,11,11,4
Gene954,348,325,332,349,330,332,354,341,332,343,341,313
Gene955,36,33,33,38,38,20,29,27,30,31,29,32
Gene956,24,25,19,27,27,21,19,34,23,16,29,29
Gene957,48,57,53,48,49,43,55,53,46,46,57,60
Gene958,7,2,5,4,4,11,0,6,5,10,4,5
Gene959,7,7,11,6,11,11,8,10,12,9,5,11
Gene960,139,134,121,154,144,140,140,154,139,147,160,169
Gene961,6,7,8,7,5,3,9,12,3,10,7,7
Gene962,68,73,70,74,71,56,79,83,76,61,73,78
Gene963,10,16,12,14,14,12,8,17,9,17,10,12
Gene964,26,32,17,32,32,26,23,29,20,25,25,21
Gene965,27,18,14,12,11,23,20,15,16,14,20,21
Gene966,19,16,22,14,24,22,14,35,26,24,27,30
Gene967,123,122,128,107,121,129,127,140,129,126,149,138
Gene968,15,20,24,14,19,16,17,22,23,16,18,14
Gene969,59,73,63,66,61,62,66,61,77,71,63,52
Gene970,43,46,40,37,41,45,51,40,48,38,37,52
Gene971,111,95,93,98,100,103,107,104,120,101,115,101
Gene972,341,355,351,383,358,367,411,404,357,382,369,358
Gene973,124,142,150,140,136,129,132,116,136,149,130,158
Gene974,17,6,11,8,3,8,8,12,13,8,10,9
Gene975,6,4,7,6,2,3,5,4,4,5,3,5
Gene976,7,15,13,11,18,10,24,12,17,14,15,11
Gene977,71,64,73,72,76,71,70,79,64,63,73,54
Gene978,8,4,8,11,4,6,10,5,4,5,3,6
Gene979,34,46,43,48,38,37,53,50,42,40,42,47
Gene980,84,79,73,79,77,72,78,86,77,57,64,78
Gene981,16,21,18,24,23,21,19,20,22,20,19,22
Gene982,161,158,160,148,180,150,173,174,188,175,174,163
Gene983,7,4,7,9,8,8,12,9,7,4,7,7
Gene984,3,4,7,5,8,3,6,2,11,3,6,4
Gene985,145,152,141,132,142,140,149,128,124,142,134,133
Gene986,49,41,46,47,35,38,32,42,40,38,46,49
Gene987,124,117,116,118,129,137,100,98,116,115,107,117
Gene988,28,35,33,36,33,32,29,38,31,40,41,34
Gene989,12,14,6,14,19,13,8,15,10,9,16,8
Gene990,232,241,227,232,216,209,217,211,208,215,226,212
Gene991,191,188,180,190,177,171,177,184,215,207,190,203
Gene992,106,120,111,117,125,108,129,127,116,118,115,107
Gene993,15,13,8,10,9,18,18,12,17,16,19,18
Gene994,72,68,72,74,79,62,71,81,65,68,70,80
Gene995,28,23,27,20,29,24,26,22,15,22,14,26
Gene996,7,5,3,4,7,3,6,6,5,10,4,4
Gene997,386,335,331,341,343,345,326,370,358,337,341,335
Gene998,7,10,12,10,9,7,5,11,4,2,10,8
Gene999,385,414,440,409,402,352,412,367,392,384,398,423
Gene1000,33,30,41,29,40,30,30,33,38,42,30,29
Gene1001,10,6,13,4,8,6,10,12,11,11,7,7
Gene1002,59,44,47,50,51,54,52,59,57,66,52,53
Gene1003,287,320,271,265,236,268,253,264,286,290,259,278
Gene1004,146,140,117,159,119,154,141,148,148,146,139,148
Gene1005,221,202,190,214,221,218,215,196,206,214,178,184
Gene1006,93,101,121,85,101,86,85,110,96,70,98,92
Gene1007,123,104,124,111,130,100,116,112,108,129,106,116
Gene1008,232,224,240,260,254,263,276,241,247,237,255,229
Gene1009,11,9,15,9,12,10,11,15,15,10,13,12
Gene1010,37,41,47,49,40,33,50,49,39,49,47,47
Gene1011,10,11,10,9,9,12,10,5,13,12,10,11
Gene1012,506,467,466,520,477,454,507,490,516,521,459,478
Gene1013,368,394,366,404,383,380,385,400,369,394,398,394
Gene1014,3,5,5,5,5,6,8,9,6,9,5,6
Gene1015,118,123,126,120,119,141,124,113,130,147,131,121
Gene1016,375,351,360,339,341,352,384,312,351,366,376,364
Gene1017,15,11,4,7,6,9,10,12,11,10,12,9
Gene1018,53,70,69,68,66,61,67,50,72,58,66,61
Gene1019,344,320,347,344,319,366,383,321,349,361,321,374
Gene1020,2,6,2,4,4,6,3,4,8,2,1,5
Gene1021,105,122,104,121,100,110,104,126,130,102,135,128
Gene1022,19,17,10,18,15,15,16,11,17,11,21,14
Gene1023,353,369,345,362,354,330,331,368,364,355,368,372
Gene1024,406,448,472,428,446,453,444,407,434,497,446,454
Gene1025,391,363,392,400,404,370,420,403,416,391,399,379
Gene1026,40,37,44,42,39,35,35,40,44,34,37,41
Gene1027,269,270,235,250,256,286,251,259,260,268,244,256
Gene1028,261,235,233,266,252,270,245,238,237,236,242,269
Gene1029,19,19,17,20,20,18,17,12,22,18,13,19
Gene1030,229,244,227,197,230,213,269,212,234,232,234,230
Gene1031,7,3,5,4,9,3,3,1,5,5,3,3
Gene1032,73,83,66,65,74,65,65,68,61,75,82,67
Gene1033,11,13,9,10,13,9,10,10,9,19,14,15
Gene1034,5,10,6,11,8,7,3,7,6,7,8,5
Gene1035,5,7,7,7,5,7,2,7,6,5,6,10
Gene1036,122,118,116,114,88,120,100,115,124,120,108,122
Gene1037,15,25,31,17,22,19,26,27,20,17,17,30
Gene1038,138,147,138,149,126,124,138,147,139,132,145,150
Gene1039,4,5,9,2,5,2,7,6,3,4,9,6
Gene1040,18,16,15,21,18,15,25,21,12,19,14,22
Gene1041,69,59,59,62,48,47,60,47,42,62,57,62
Gene1042,216,196,199,202,194,185,183,198,187,179,200,206
Gene1043,17,16,24,15,16,19,17,19,32,14,35,20
Gene1044,83,75,95,92,79,78,70,78,85,72,81,83
Gene1045,294,266,281,274,284,280,294,291,297,287,293,314
Gene1046,89,90,78,64,74,80,74,79,94,75,95,78
Gene1047,10,10,12,7,14,15,7,13,7,20,19,14
Gene1048,5,5,5,5,4,6,6,4,9,7,2,3
Gene1049,263,257,309,282,282,302,282,241,260,245,258,251
Gene1050,2,4,5,4,2,5,4,6,4,1,7,2
Gene1051,270,279,269,270,283,274,279,300,258,317,259,301
Gene1052,53,59,44,45,45,50,46,54,57,49,51,49
Gene1053,378,342,361,397,385,386,396,350,372,394,403,335
Gene1054,188,178,200,196,177,189,200,207,199,184,158,186
Gene1055,489,484,476,517,496,480,463,548,505,518,537,492
Gene1056,26,20,18,20,17,23,25,20,22,19,18,21
Gene1057,174,193,128,146,177,176,185,173,141,165,166,166
Gene1058,27,27,25,30,31,37,25,36,24,30,27,23
Gene1059,38,51,51,45,48,33,34,41,32,39,35,40
Gene1060,75,68,77,88,90,86,80,96,75,79,75,84
Gene1061,261,272,268,298,313,270,238,280,270,274,282,292
Gene1062,465,486,485,466,498,464,470,474,489,502,474,446
Gene1063,159,161,162,166,159,166,178,169,165,172,159,161
Gene1064,23,49,22,26,34,36,24,39,32,23,23,29
Gene1065,31,43,23,38,43,39,37,30,34,31,27,31
Gene1066,164,130,139,163,130,131,133,126,168,148,143,145
Gene1067,10,13,16,13,17,11,8,20,11,16,8,14
Gene1068,5,13,5,12,11,6,11,10,5,6,7,4
Gene1069,22,10,19,28,23,27,30,23,23,24,23,15
Gene1070,11,12,21,19,14,15,10,20,16,16,18,15
Gene1071,15,14,13,15,15,9,15,14,18,10,14,18
Gene1072,13,12,18,13,11,13,14,6,12,7,19,12
Gene1073,1,3,6,3,6,4,4,6,2,4,5,5
Gene1074,6,8,8,5,3,5,3,5,4,3,4,4
Gene1075,512,486,491,463,475,488,483,467,473,506,490,458
Gene1076,25,32,33,35,31,38,35,34,37,38,33,41
Gene1077,26,27,20,30,24,22,24,17,23,17,31,18
Gene1078,131,111,114,105,99,117,100,117,101,98,96,97
Gene1079,12,9,11,17,10,14,8,9,8,11,8,10
Gene1080,362,389,397,358,409,372,414,381,391,398,375,423
Gene1081,191,185,178,157,203,182,178,191,190,148,160,179
Gene1082,5,13,5,4,4,6,5,8,4,6,6,10
Gene1083,30,24,20,30,23,28,22,32,27,26,37,28
Gene1084,264,295,285,278,261,270,251,303,283,255,318,264
Gene1085,399,386,406,380,360,433,399,405,381,390,403,392
Gene1086,46,36,37,41,54,46,42,25,32,35,35,42
Gene1087,79,59,80,84,73,69,71,72,69,88,92,80
Gene1088,7,10,8,8,14,8,9,5,4,5,10,2
Gene1089,512,471,521,497,510,479,494,465,511,470,503,505
Gene1090,10,7,14,17,13,11,9,16,10,12,22,18
Gene1091,364,392,425,388,408,387,414,393,380,415,380,392
Gene1092,98,89,93,86,103,98,79,99,112,110,88,96
Gene1093,94,98,78,64,69,70,83,75,100,85,84,77
Gene1094,40,51,45,53,41,51,41,48,49,56,49,51
Gene1095,16,6,6,12,12,18,10,10,16,16,11,9
Gene1096,9,5,11,9,11,4,7,14,15,14,14,12
Gene1097,7,13,15,13,16,8,13,15,12,12,8,15
Gene1098,10,7,6,18,5,13,17,8,8,7,10,8
Gene1099,156,207,161,201,178,181,159,170,189,167,200,165
Gene1100,26,20,25,26,25,26,32,20,20,20,17,27
Gene1101,10,7,5,7,5,5,11,4,2,7,6,7
Gene1102,408,424,396,444,454,441,447,432,429,456,489,441
Gene1103,304,273,298,289,325,273,278,273,253,264,302,305
Gene1104,366,392,342,363,405,375,385,361,327,345,366,367
Gene1105,521,502,507,531,473,488,530,498,498,516,501,524
Gene1106,4,5,13,9,9,12,13,10,7,11,11,9
Gene1107,26,28,21,26,27,18,35,24,26,25,35,31
Gene1108,163,160,142,151,164,153,160,161,153,166,179,169
Gene1109,129,114,108,126,106,111,114,137,129,108,103,103
Gene1110,8,7,4,10,11,7,9,11,10,10,9,14
Gene1111,215,189,215,213,210,208,217,214,211,198,222,191
Gene1112,18,12,10,15,12,12,16,13,10,16,9,8
Gene1113,12,16,12,12,11,17,10,7,13,15,10,9
Gene1114,57,41,39,66,56,62,64,60,67,55,59,63
Gene1115,68,72,71,84,81,59,69,57,61,83,81,75
Gene1116,59,63,77,64,79,63,59,82,70,60,87,72
Gene1117,9,2,5,6,7,5,6,3,5,5,0,4
Gene1118,277,300,269,278,282,296,298,290,309,272,326,268
Gene1119,12,21,19,17,12,10,16,14,14,15,14,10
Gene1120,9,7,11,4,8,14,9,11,8,8,6,12
Gene1121,296,297,311,310,293,270,303,295,290,300,280,293
Gene1122,405,423,435,432,421,395,431,443,427,419,417,393
Gene1123,278,256,252,280,258,237,254,258,257,260,250,276
Gene1124,204,224,183,196,201,233,185,242,214,201,204,218
Gene1125,89,88,107,124,81,90,93,102,93,109,94,112
Gene1126,72,63,53,58,49,44,72,39,58,54,57,57
Gene1127,5,4,9,2,3,6,11,11,5,1,9,7
Gene1128,27,24,35,26,38,35,18,34,34,43,26,28
Gene1129,23,20,23,15,38,30,26,25,24,23,33,15
Gene1130,6,17,15,12,16,16,12,19,14,10,13,20
Gene1131,141,128,134,157,146,147,153,121,129,142,137,135
Gene1132,44,46,31,44,41,38,49,56,39,57,55,56
Gene1133,5,5,9,0,8,4,4,6,6,6,4,8
Gene1134,13,6,9,17,8,10,11,12,15,11,11,12
Gene1135,121,82,122,139,110,118,99,102,116,129,117,116
Gene1136,5,6,7,5,5,8,4,4,5,5,7,2
Gene1137,249,268,245,258,248,226,273,284,254,238,239,252
Gene1138,45,41,50,39,38,40,47,44,49,44,38,39
Gene1139,40,43,41,51,42,43,43,30,48,35,33,46
Gene1140,75,66,66,67,73,55,60,53,63,77,66,72
Gene1141,217,227,228,198,211,223,206,241,221,223,209,199
Gene1142,21,27,27,23,30,21,21,19,23,25,20,33
Gene1143,110,87,119,96,114,109,117,114,103,100,103,113
Gene1144,53,56,66,69,73,57,66,58,56,53,59,60
Gene1145,19,13,16,7,12,20,11,18,11,16,12,11
Gene1146,276,270,278,279,316,285,301,276,299,282,276,278
Gene1147,214,172,193,168,214,209,235,175,208,212,171,176
Gene1148,112,104,92,95,84,92,109,93,130,104,102,119
Gene1149,249,223,241,249,252,242,248,252,257,281,244,248
Gene1150,256,254,283,304,263,306,282,234,280,256,271,265
Gene1151,129,137,128,127,115,113,118,113,117,122,121,135
Gene1152,243,238,227,206,243,207,261,212,224,228,264,246
Gene1153,120,118,109,125,143,116,113,113,95,115,102,109
Gene1154,106,107,94,115,116,103,114,99,109,103,100,101
Gene1155,74,84,83,86,64,72,62,62,73,81,87,89
Gene1156,148,136,143,134,156,151,149,166,153,147,172,154
Gene1157,11,10,10,12,9,8,8,8,13,9,13,9
Gene1158,280,270,254,316,291,281,295,279,274,270,288,286
Gene1159,270,275,278,266,274,272,258,279,273,297,264,284
Gene1160,7,6,4,5,4,0,2,6,3,2,4,5
Gene1161,209,184,209,220,204,227,242,226,232,207,195,240
Gene1162,12,10,10,7,8,6,4,11,9,6,9,9
Gene1163,14,26,20,23,25,17,18,18,28,19,20,14
Gene1164,139,138,143,147,132,166,142,152,138,155,149,143
Gene1165,7,10,12,10,6,10,5,6,9,11,8,16
Gene1166,209,217,217,213,211,221,216,210,224,225,217,194
Gene1167,250,230,253,237,196,222,231,215,211,224,225,224
Gene1168,49,53,59,52,47,48,54,55,39,30,36,60
Gene1169,1,4,1,0,2,4,9,7,4,4,3,5
Gene1170,13,17,13,8,18,10,19,14,14,17,19,19
Gene1171,100,83,67,77,71,66,80,84,75,77,84,75
Gene1172,489,425,492,415,472,495,495,431,456,459,490,427
Gene1173,87,78,92,86,68,90,79,89,83,81,93,96
Gene1174,21,6,22,15,15,11,12,14,17,12,14,12
Gene1175,91,88,85,80,80,99,80,83,94,96,84,77
Gene1176,55,37,68,46,45,55,74,36,71,54,57,46
Gene1177,177,171,184,152,182,174,201,200,155,168,194,188
Gene1178,4,6,10,7,10,7,6,7,7,8,7,11
Gene1179,160,149,173,168,174,139,170,165,170,164,163,173
Gene1180,53,54,56,54,48,50,57,65,66,57,47,50
Gene1181,441,410,430,424,392,426,438,424,432,470,416,406
Gene1182,18,25,10,18,13,17,18,19,27,16,21,19
Gene1183,74,94,84,81,91,95,88,77,80,86,69,90
Gene1184,385,358,390,399,348,346,369,383,337,389,371,410
Gene1185,2,11,4,6,3,1,7,3,6,3,7,2
Gene1186,345,393,358,368,390,363,385,396,375,389,378,366
Gene1187,125,128,106,113,111,118,103,135,132,108,97,122
Gene1188,5,7,3,5,7,7,4,5,8,8,6,3
Gene1189,22,22,17,18,16,18,15,20,17,15,19,24
Gene1190,115,113,129,125,112,133,115,142,137,124,123,143
Gene1191,4,7,6,4,2,9,6,10,4,6,8,9
Gene1192,77,70,57,62,71,65,71,66,72,79,68,84
Gene1193,27,19,15,15,21,31,16,25,24,12,23,24
Gene1194,74,86,94,63,74,86,77,81,74,82,67,78
Gene1195,7,2,2,11,6,9,8,3,5,2,2,6
Gene1196,247,280,259,251,279,277,293,265,287,276,307,278
Gene1197,450,452,446,473,466,469,472,457,439,445,443,448
Gene1198,437,423,445,417,437,413,470,452,447,433,487,444
Gene1199,153,167,140,152,133,155,157,146,166,143,151,142
Gene1200,4,8,9,7,6,9,7,7,11,6,6,6
Gene1201,148,164,200,140,175,162,150,167,150,139,159,159
Gene1202,3,1,5,6,3,10,4,6,4,2,8,7
Gene1203,5,9,4,5,2,1,6,8,8,6,4,5
Gene1204,12,20,19,21,13,20,27,19,19,26,20,25
Gene1205,31,55,47,44,46,56,47,36,43,43,51,40
Gene1206,190,159,155,180,186,160,182,144,161,154,149,163
Gene1207,106,102,102,113,105,123,111,108,119,127,104,110
Gene1208,39,42,37,43,30,37,41,43,37,30,28,38
Gene1209,17,12,14,12,13,9,13,8,16,17,18,20
Gene1210,503,467,541,528,517,497,502,504,512,502,500,533
Gene1211,26,30,32,25,23,35,44,35,38,40,30,35
Gene1212,35,32,41,33,31,36,34,37,32,29,28,31
Gene1213,10,9,12,9,5,11,14,9,13,10,9,8
Gene1214,203,196,164,187,165,188,170,191,174,223,211,192
Gene1215,101,117,120,132,109,130,129,104,120,125,127,109
Gene1216,10,6,21,11,11,16,10,8,17,17,8,11
Gene1217,3,7,8,7,4,12,3,9,6,4,5,10
Gene1218,116,109,110,104,121,118,102,101,116,116,100,92
Gene1219,92,92,104,92,92,90,76,97,105,106,102,103
Gene1220,18,16,17,13,13,17,13,18,17,15,18,22
Gene1221,398,399,378,401,397,451,412,416,419,367,386,381
Gene1222,11,9,8,7,8,5,5,12,7,6,7,8
Gene1223,30,36,36,36,41,18,22,25,31,28,26,38
Gene1224,394,364,430,373,389,407,386,377,346,407,365,406
Gene1225,30,35,36,22,24,27,24,31,33,28,31,34
Gene1226,97,78,88,89,88,90,85,81,98,76,83,80
Gene1227,35,23,33,31,28,14,33,37,15,32,34,35
Gene1228,14,14,13,12,21,11,18,15,13,13,18,10
Gene1229,506,503,471,499,446,514,472,452,477,475,503,465
Gene1230,36,28,27,25,36,27,16,28,27,31,34,31
Gene1231,328,292,328,312,309,286,297,293,303,307,256,275
Gene1232,8,19,13,17,14,14,11,11,8,14,12,12
Gene1233,10,8,11,11,15,15,7,10,9,13,5,11
Gene1234,3,1,2,4,4,4,1,5,2,7,2,6
Gene1235,93,83,94,108,109,106,81,92,101,85,89,81
Gene1236,28,27,27,21,28,19,23,31,27,26,25,17
Gene1237,277,261,275,282,255,260,241,265,255,249,239,275
Gene1238,31,49,32,50,42,39,51,44,30,42,43,38
Gene1239,459,412,448,427,440,405,456,435,454,465,435,486
Gene1240,8,4,14,7,6,6,10,11,11,11,6,9
Gene1241,291,270,301,257,293,235,291,285,235,275,258,281
Gene1242,181,188,187,195,173,164,184,168,173,156,168,163
Gene1243,164,167,184,170,162,195,169,172,168,170,168,165
Gene1244,243,241,221,231,223,249,246,227,246,249,259,236
Gene1245,172,147,177,169,157,146,171,169,166,173,176,168
Gene1246,88,72,79,82,70,85,87,81,98,88,80,76
Gene1247,11,15,4,4,12,7,8,14,9,7,9,7
Gene1248,5,2,1,3,6,4,4,4,3,5,0,3
Gene1249,360,352,360,337,352,321,336,359,360,337,349,318
Gene1250,91,77,83,75,90,82,89,71,84,85,80,68
Gene1251,168,165,178,200,173,181,215,185,193,190,182,189
Gene1252,36,36,48,37,46,40,37,35,52,39,36,40
Gene1253,6,8,6,5,8,13,6,5,5,7,4,3
Gene1254,7,8,9,7,7,7,7,5,9,9,9,12
Gene1255,113,124,124,103,108,126,100,107,98,114,100,112
Gene1256,43,32,30,20,21,36,30,42,31,41,22,31
Gene1257,6,7,10,13,13,11,14,8,9,11,13,8
Gene1258,52,50,39,31,40,32,41,62,37,39,43,50
Gene1259,6,3,7,2,8,6,2,6,9,4,6,10
Gene1260,62,54,63,64,67,63,75,66,59,68,72,73
Gene1261,19,12,17,22,12,10,16,15,20,21,5,13
Gene1262,182,174,182,183,214,195,200,203,177,207,186,194
Gene1263,13,21,24,16,19,18,23,17,24,20,20,20
Gene1264,45,36,35,31,31,31,33,24,31,37,43,41
Gene1265,3,4,8,1,4,2,5,9,3,8,8,8
Gene1266,5,4,4,7,3,5,7,7,2,2,4,7
Gene1267,25,22,32,21,22,28,25,27,20,27,20,28
Gene1268,41,47,48,39,43,52,41,37,47,34,32,37
Gene1269,79,59,95,65,79,68,66,76,76,70,57,66
Gene1270,24,20,20,15,26,12,9,9,11,17,18,20
Gene1271,129,127,141,123,131,123,113,122,110,93,117,118
Gene1272,277,245,258,247,252,243,251,229,292,268,261,244
Gene1273,172,169,169,185,183,167,153,162,182,190,166,188
Gene1274,4,7,2,3,8,6,5,5,5,4,3,8
Gene1275,42,30,43,53,49,47,34,40,42,47,45,46
Gene1276,6,7,9,5,9,4,5,8,2,12,6,7
Gene1277,11,10,16,15,11,18,17,16,8,19,14,15
Gene1278,499,462,455,458,475,470,451,436,478,468,490,498
Gene1279,4,5,10,6,8,8,7,8,5,9,7,9
Gene1280,49,45,48,36,53,55,45,46,47,50,45,50
Gene1281,106,80,69,83,72,84,93,85,84,92,71,98
Gene1282,132,124,125,114,113,132,107,121,112,121,144,116
Gene1283,53,53,57,46,48,68,56,76,67,65,59,59
Gene1284,5,10,4,1,3,3,6,2,2,5,1,7
Gene1285,14,17,23,17,24,19,17,24,22,23,15,18
Gene1286,52,44,40,44,57,41,46,50,66,51,42,58
Gene1287,4,5,6,6,4,6,6,2,5,6,8,5
Gene1288,29,24,25,29,16,24,17,25,22,9,18,16
Gene1289,3,7,6,4,5,2,1,5,5,2,4,4
Gene1290,5,6,7,7,1,11,6,10,7,3,1,8
Gene1291,29,22,28,27,32,32,28,24,36,28,29,26
Gene1292,7,5,7,7,4,6,3,9,11,8,7,5
Gene1293,60,60,63,47,49,59,67,50,54,74,61,75
Gene1294,116,105,106,114,101,120,105,120,98,122,110,101
Gene1295,195,169,203,210,185,198,179,185,192,214,190,203
Gene1296,12,10,10,9,8,8,17,7,9,8,5,13
Gene1297,9,11,12,11,6,8,7,13,4,8,10,6
Gene1298,9,6,6,10,4,7,8,4,7,7,7,6
Gene1299,87,76,87,72,85,87,85,91,91,77,94,92
Gene1300,134,116,129,112,135,138,130,123,123,134,127,125
Gene1301,3,4,4,3,3,2,9,5,6,7,6,6
Gene1302,362,364,402,364,353,384,376,385,401,384,383,347
Gene1303,7,9,6,7,3,8,2,8,2,7,3,6
Gene1304,51,66,51,59,50,63,53,70,65,59,59,64
Gene1305,121,103,118,136,131,135,114,116,118,126,126,116
Gene1306,279,266,261,255,275,268,266,309,292,249,269,298
Gene1307,150,154,132,132,115,133,129,122,124,126,126,129
Gene1308,183,194,196,208,193,210,187,179,215,179,172,177
Gene1309,22,14,19,13,23,22,22,25,16,21,22,18
Gene1310,204,233,216,186,208,209,230,224,186,212,229,207
Gene1311,5,2,5,5,6,5,12,6,7,8,5,2
Gene1312,346,322,307,317,311,297,335,306,297,284,324,291
Gene1313,53,58,48,54,54,72,48,56,51,73,64,67
Gene1314,211,215,220,194,204,195,199,196,204,201,177,225
Gene1315,39,52,47,40,37,34,30,27,41,31,36,45
Gene1316,93,84,95,95,90,93,109,93,103,99,99,80
Gene1317,42,54,41,55,63,51,66,52,47,50,64,55
Gene1318,156,140,143,150,140,149,119,136,139,160,133,143
Gene1319,3,5,9,6,8,5,5,8,8,8,7,7
Gene1320,10,9,1,2,2,7,7,8,2,5,4,4
Gene1321,12,10,11,13,7,13,17,15,20,14,10,11
Gene1322,9,3,6,10,5,8,6,11,12,13,6,9
Gene1323,231,293,245,281,270,243,254,259,270,292,284,300
Gene1324,9,10,15,15,9,11,9,11,12,12,13,9
Gene1325,454,463,471,442,437,475,445,453,452,457,431,450
Gene1326,17,23,16,17,19,35,12,28,24,23,10,21
Gene1327,8,8,19,7,5,6,12,3,6,11,12,13
Gene1328,199,182,174,176,197,189,188,178,173,204,201,180
Gene1329,93,104,92,111,97,84,106,90,90,98,114,86
Gene1330,45,43,35,50,49,45,48,43,41,41,53,56
Gene1331,53,56,54,71,61,56,69,62,60,57,58,71
Gene1332,122,134,151,120,123,122,135,137,139,124,115,117
Gene1333,10,12,8,10,18,10,8,12,22,5,11,9
Gene1334,503,506,540,495,478,472,480,452,500,517,508,531
Gene1335,436,485,476,461,445,465,429,447,473,414,420,453
Gene1336,90,84,99,101,90,101,82,84,95,80,92,108
Gene1337,11,9,12,12,16,9,6,12,10,14,12,10
Gene1338,112,98,117,95,107,131,106,110,125,89,109,116
Gene1339,3,5,6,8,8,1,2,6,9,6,1,6
Gene1340,6,2,3,6,3,1,9,5,1,2,3,3
Gene1341,13,7,7,11,15,12,18,22,19,11,16,9
Gene1342,41,31,30,40,50,39,42,42,38,46,26,39
Gene1343,265,291,265,265,271,243,263,260,254,250,257,253
Gene1344,132,156,115,155,138,121,142,141,135,133,144,148
Gene1345,146,143,140,138,142,176,131,148,150,149,132,155
Gene1346,32,21,35,32,42,25,25,20,32,35,45,25
Gene1347,21,24,31,17,19,18,24,27,24,18,24,21
Gene1348,24,22,27,21,19,26,26,26,30,16,19,28
Gene1349,501,466,463,467,504,448,460,462,517,482,495,476
Gene1350,3,3,7,3,5,6,5,5,5,4,7,7
Gene1351,252,315,252,252,271,260,245,291,260,257,254,252
Gene1352,65,75,58,64,63,66,58,57,64,52,71,62
Gene1353,23,31,29,47,35,29,33,27,40,46,40,40
Gene1354,123,138,144,146,135,151,148,132,143,138,113,132
Gene1355,45,45,36,54,55,45,42,38,48,27,45,50
Gene1356,289,245,275,272,270,292,275,293,279,276,280,299
Gene1357,331,312,319,357,288,308,296,287,285,305,312,318
Gene1358,31,39,32,29,26,45,24,31,16,32,39,32
Gene1359,17,16,13,13,17,12,18,23,13,16,12,16
Gene1360,57,65,70,72,62,70,76,72,70,64,67,70
Gene1361,367,336,328,354,359,352,306,299,354,376,347,322
Gene1362,7,12,12,15,10,10,6,11,14,12,7,8
Gene1363,85,73,78,84,69,84,87,79,80,73,84,75
Gene1364,63,69,89,82,92,100,101,67,100,88,91,91
Gene1365,157,159,131,130,144,149,152,156,144,127,142,153
Gene1366,5,14,2,4,6,15,14,5,7,11,10,8
Gene1367,120,123,120,134,129,114,124,144,141,129,136,101
Gene1368,325,313,293,321,340,368,345,353,300,321,291,338
Gene1369,11,9,12,14,13,4,14,10,3,9,8,4
Gene1370,18,9,12,18,14,11,11,19,18,15,11,14
Gene1371,445,443,402,444,469,408,453,442,482,459,446,487
Gene1372,12,13,6,9,12,8,6,7,13,10,10,11
Gene1373,287,264,260,247,273,224,257,231,267,253,258,264
Gene1374,49,40,36,46,48,43,42,42,31,43,48,56
Gene1375,20,11,19,21,18,17,15,7,17,14,10,13
Gene1376,286,261,280,284,282,277,259,284,282,290,287,265
Gene1377,34,26,33,39,33,31,33,50,26,41,35,39
Gene1378,55,51,44,41,53,51,61,45,42,57,58,35
Gene1379,19,23,22,26,18,29,26,22,24,27,21,32
Gene1380,71,67,71,70,69,77,74,89,72,72,73,73
Gene1381,10,6,9,9,8,9,6,11,9,12,9,11
Gene1382,22,29,30,22,23,25,33,30,19,26,22,30
Gene1383,471,453,418,389,419,477,409,445,416,440,434,474
Gene1384,17,16,17,14,22,9,11,16,13,12,12,9
Gene1385,105,95,85,104,94,90,96,112,102,88,95,98
Gene1386,19,22,21,19,21,24,20,26,19,18,12,18
Gene1387,167,163,166,171,188,158,171,153,160,172,167,161
Gene1388,10,10,11,7,7,4,10,4,5,13,4,8
Gene1389,463,418,402,461,419,470,445,441,447,454,459,454
Gene1390,28,44,41,45,34,39,37,28,34,36,28,36
Gene1391,11,9,14,14,9,6,19,8,13,10,16,9
Gene1392,4,5,7,4,5,6,2,10,8,4,5,9
Gene1393,9,7,8,8,10,14,11,11,8,6,6,11
Gene1394,61,47,45,52,49,50,44,50,42,52,53,47
Gene1395,17,27,15,19,20,26,26,14,20,22,19,18
Gene1396,214,227,252,215,235,232,223,239,228,227,203,247
Gene1397,31,28,30,45,25,32,37,35,39,39,38,35
Gene1398,13,11,14,12,15,17,10,18,24,13,19,10
Gene1399,81,76,71,97,84,87,70,71,92,82,76,75
Gene1400,123,121,132,129,123,140,104,129,124,107,115,127
Gene1401,9,8,5,7,10,7,10,8,8,6,7,5
Gene1402,10,13,5,9,9,11,10,7,7,9,9,9
Gene1403,5,4,9,1,2,5,5,6,4,9,3,3
Gene1404,154,126,152,140,139,148,144,147,154,137,143,158
Gene1405,90,89,105,90,116,114,96,118,95,88,105,112
Gene1406,40,40,55,32,32,40,48,39,50,41,42,40
Gene1407,247,241,220,244,235,243,244,233,234,260,235,229
Gene1408,197,201,205,238,176,220,201,194,205,159,201,200
Gene1409,63,56,55,67,70,72,71,69,58,80,76,58
Gene1410,283,280,286,282,285,262,273,261,255,255,283,274
Gene1411,11,8,8,6,11,15,9,21,8,6,12,9
Gene1412,8,7,4,6,10,5,7,10,12,9,7,6
Gene1413,8,18,23,19,7,8,13,12,16,12,15,19
Gene1414,5,9,3,5,6,6,4,2,5,5,8,2
Gene1415,56,40,43,47,55,47,43,42,64,53,60,43
Gene1416,372,397,361,399,334,411,402,387,407,382,370,350
Gene1417,5,4,4,1,5,5,5,6,10,8,4,6
Gene1418,5,6,10,9,8,6,10,13,9,7,11,7
Gene1419,39,30,38,26,43,46,35,35,31,47,39,31
Gene1420,414,371,380,372,357,406,382,363,370,380,375,357
Gene1421,19,19,19,19,18,17,22,16,13,15,22,12
Gene1422,51,50,40,48,39,46,45,44,42,52,43,47
Gene1423,3,6,8,2,3,3,2,9,4,3,7,5
Gene1424,7,3,8,5,11,11,8,9,12,13,15,11
Gene1425,464,499,476,448,485,470,482,497,465,467,508,441
Gene1426,434,453,432,421,409,444,437,437,467,446,417,433
Gene1427,5,4,4,3,2,4,1,0,8,2,2,8
Gene1428,404,384,426,401,420,385,401,378,419,373,376,419
Gene1429,108,93,92,70,101,106,81,112,79,102,95,88
Gene1430,229,253,283,260,277,293,264,246,284,279,260,251
Gene1431,37,31,30,38,41,44,39,40,34,30,25,29
Gene1432,64,47,45,51,44,63,60,52,56,60,48,42
Gene1433,52,42,39,38,50,49,37,37,33,37,33,45
Gene1434,100,108,117,103,106,109,104,93,99,101,111,115
Gene1435,9,4,8,8,15,5,6,4,12,8,4,11
Gene1436,2,7,2,6,3,4,1,7,6,8,7,4
Gene1437,18,12,19,13,19,21,22,23,13,16,22,16
Gene1438,125,106,125,107,127,102,130,126,116,135,113,115
Gene1439,10,9,12,8,15,8,9,6,14,12,6,15
Gene1440,111,100,107,100,96,87,93,88,88,119,126,106
Gene1441,429,417,454,419,462,445,424,423,430,524,444,459
Gene1442,5,4,5,5,7,3,1,6,8,9,10,5
Gene1443,93,100,118,98,91,111,82,95,129,116,108,120
Gene1444,38,31,31,41,28,30,33,30,35,35,38,30
Gene1445,238,285,260,257,275,297,279,245,266,290,296,251
Gene1446,10,16,8,8,10,8,12,9,15,9,4,8
Gene1447,127,136,117,111,101,110,106,107,105,108,118,123
Gene1448,235,224,219,241,208,226,222,249,223,242,242,236
Gene1449,371,413,400,412,387,357,379,385,383,403,369,388
Gene1450,117,121,98,113,119,93,106,107,109,106,94,115
Gene1451,48,42,33,49,52,45,50,44,42,37,53,54
Gene1452,78,65,81,81,78,87,74,57,80,78,75,76
Gene1453,265,271,290,259,301,268,271,251,310,245,285,256
Gene1454,59,78,64,54,67,68,75,58,71,65,62,63
Gene1455,4,2,5,7,4,4,5,4,5,9,8,6
Gene1456,349,362,373,377,363,398,359,344,377,358,370,376
Gene1457,106,123,126,116,101,108,111,91,111,122,122,117
Gene1458,111,74,107,114,118,105,99,112,87,101,115,97
Gene1459,7,12,6,13,8,13,14,10,13,14,9,11
Gene1460,93,96,92,90,102,84,94,73,78,104,110,106
Gene1461,28,32,33,25,25,27,30,28,28,28,23,30
Gene1462,99,86,113,115,105,108,80,78,101,80,84,94
Gene1463,9,9,5,6,3,7,7,8,7,11,5,7
Gene1464,97,106,84,100,86,110,103,89,103,110,121,106
Gene1465,548,544,531,524,521,535,499,492,495,512,488,540
Gene1466,7,8,5,2,2,7,5,5,3,3,5,4
Gene1467,486,432,462,454,463,438,488,455,464,480,484,485
Gene1468,27,26,28,31,28,22,17,30,20,32,23,22
Gene1469,282,298,265,261,279,276,250,287,280,253,267,245
Gene1470,196,180,180,206,178,171,191,195,173,178,180,158
Gene1471,59,74,58,63,56,59,60,63,68,78,54,66
Gene1472,142,143,143,157,122,119,149,150,157,156,160,146
Gene1473,279,278,294,271,287,298,302,320,298,262,281,281
Gene1474,27,23,28,30,37,40,22,28,28,32,30,32
Gene1475,21,23,26,30,13,17,15,16,10,20,22,16
Gene1476,87,94,115,102,115,110,116,95,94,108,108,93
Gene1477,195,194,221,173,188,184,204,219,201,200,182,198
Gene1478,177,165,143,153,132,156,147,168,150,141,175,165
Gene1479,167,169,199,180,201,192,179,204,217,191,201,209
Gene1480,28,31,26,30,42,34,41,35,33,35,36,29
Gene1481,213,201,218,209,234,220,214,216,217,211,229,205
Gene1482,6,2,7,6,6,8,8,8,12,5,6,7
Gene1483,70,54,61,51,60,58,56,47,71,64,60,64
Gene1484,2,1,1,3,2,8,2,3,2,3,0,5
Gene1485,21,24,20,12,17,24,21,21,15,20,22,19
Gene1486,20,21,21,25,28,26,20,29,17,17,31,23
Gene1487,32,31,26,24,31,36,33,22,19,23,38,21
Gene1488,113,97,99,111,107,147,107,128,141,115,113,104
Gene1489,27,25,28,14,24,31,27,25,22,26,30,30
Gene1490,33,34,40,39,39,26,34,43,30,43,33,27
Gene1491,14,12,14,12,8,14,12,5,13,17,12,14
Gene1492,27,32,28,18,20,33,29,33,18,32,20,20
Gene1493,6,12,10,13,12,7,11,15,13,11,11,9
Gene1494,7,8,1,7,4,6,8,6,11,9,7,7
Gene1495,66,72,84,80,55,77,64,82,68,91,64,65
Gene1496,91,102,116,95,113,104,97,100,118,106,86,102
Gene1497,89,103,85,94,80,84,69,80,83,85,70,87
Gene1498,45,46,31,55,27,42,43,34,30,35,41,41
Gene1499,36,25,27,25,20,26,25,19,33,29,15,20
Gene1500,271,259,248,268,278,269,257,257,286,280,248,241
Gene1501,52,57,40,58,40,53,57,51,46,46,44,54
Gene1502,34,28,35,39,32,43,45,45,46,55,44,50
Gene1503,6,5,4,6,5,6,4,6,6,1,3,4
Gene1504,21,18,25,20,10,14,24,25,28,17,31,27
Gene1505,29,20,19,17,33,29,28,24,18,24,17,28
Gene1506,22,26,37,29,32,30,27,31,28,25,28,28
Gene1507,72,67,77,65,64,64,68,53,61,59,90,46
Gene1508,51,55,61,41,66,51,58,50,55,51,50,42
Gene1509,64,71,76,90,73,75,90,78,74,74,80,66
Gene1510,170,174,146,161,180,164,160,165,187,169,165,157
Gene1511,217,196,223,222,203,189,218,219,187,221,204,217
Gene1512,110,130,142,131,130,119,136,130,117,141,134,125
Gene1513,436,422,423,425,446,434,380,404,420,403,399,398
Gene1514,4,4,4,5,2,4,3,4,5,3,4,1
Gene1515,12,9,6,6,7,15,11,9,15,10,10,10
Gene1516,5,7,5,4,3,7,2,7,7,7,5,9
Gene1517,88,84,80,91,80,92,79,105,93,104,84,105
Gene1518,302,268,318,301,311,310,299,327,291,305,322,301
Gene1519,19,12,13,8,15,9,10,16,19,19,10,15
Gene1520,344,340,339,373,339,344,365,368,357,342,349,334
Gene1521,8,9,5,4,5,5,5,6,8,4,5,7
Gene1522,381,358,376,345,379,378,371,372,346,387,371,379
Gene1523,21,19,31,18,27,24,26,22,19,23,16,24
Gene1524,7,12,3,4,6,7,11,6,3,4,5,9
Gene1525,45,48,45,40,40,47,51,48,44,48,35,37
Gene1526,12,19,15,12,10,13,16,20,13,19,13,15
Gene1527,13,14,17,13,26,8,19,16,14,24,18,18
Gene1528,20,17,19,18,23,15,14,13,10,18,10,24
Gene1529,183,190,203,197,184,197,199,209,196,209,184,191
Gene1530,57,58,60,61,49,45,62,57,49,54,63,52
Gene1531,13,14,18,14,21,17,19,14,16,12,31,18
Gene1532,86,80,72,78,83,88,87,74,72,74,65,86
Gene1533,138,121,140,110,133,145,121,133,128,143,137,124
Gene1534,17,17,13,13,10,12,11,19,17,20,20,17
Gene1535,32,30,21,34,31,26,31,35,26,31,31,27
Gene1536,12,12,12,9,10,10,7,5,8,5,4,8
Gene1537,10,12,4,12,9,11,11,8,10,7,10,4
Gene1538,118,113,100,112,96,104,104,104,102,121,101,97
Gene1539,11,6,9,9,10,10,11,15,11,7,9,10
Gene1540,57,57,57,49,51,49,60,56,58,42,51,53
Gene1541,120,139,124,129,146,110,130,121,132,152,132,132
Gene1542,5,4,6,6,4,4,11,9,6,3,9,5
Gene1543,60,59,67,56,53,77,58,66,51,59,62,57
Gene1544,13,22,12,18,18,15,13,17,15,15,10,14
Gene1545,477,450,434,426,397,450,427,381,431,464,465,471
Gene1546,53,48,43,41,43,57,42,38,46,43,39,34
Gene1547,226,186,220,192,200,188,222,200,181,194,211,181
Gene1548,48,48,57,62,59,56,66,74,57,60,50,62
Gene1549,5,3,4,3,5,4,4,2,2,4,3,7
Gene1550,96,87,77,92,88,95,87,93,91,94,90,76
Gene1551,412,438,413,424,420,431,417,380,408,423,446,404
Gene1552,66,75,90,63,73,85,77,69,69,68,84,65
Gene1553,187,203,203,206,236,201,203,190,203,197,222,200
Gene1554,273,287,293,337,308,285,270,282,261,312,305,290
Gene1555,10,13,10,15,9,7,15,15,12,8,14,16
Gene1556,12,11,17,15,13,13,11,10,9,7,8,18
Gene1557,84,94,85,91,55,101,81,87,90,85,88,95
Gene1558,32,24,38,20,25,37,24,38,17,30,23,37
Gene1559,244,240,234,253,221,231,228,239,245,245,241,260
Gene1560,311,308,331,332,311,324,330,324,315,311,303,307
Gene1561,26,23,28,22,35,21,21,20,20,28,12,25
Gene1562,9,23,16,12,19,12,8,12,5,13,18,17
Gene1563,155,161,168,156,173,152,174,182,174,182,201,180
Gene1564,18,16,15,12,16,10,11,20,14,13,16,5
Gene1565,222,236,218,214,205,211,209,238,227,225,185,221
Gene1566,29,39,25,23,31,31,35,28,31,40,30,25
Gene1567,109,112,99,113,105,96,87,99,114,100,109,105
Gene1568,4,4,10,8,4,7,5,7,10,8,4,8
Gene1569,78,74,87,93,101,94,90,67,66,75,84,79
Gene1570,45,36,27,41,48,34,42,37,41,42,37,25
Gene1571,68,76,64,71,81,63,61,60,62,68,70,73
Gene1572,6,5,7,13,4,13,9,12,8,12,5,11
Gene1573,146,139,145,139,171,139,148,160,151,141,142,149
Gene1574,249,256,247,248,263,256,275,242,262,285,263,257
Gene1575,13,16,14,6,13,13,16,9,14,15,11,6
Gene1576,0,4,11,7,8,9,7,5,11,9,8,7
Gene1577,3,10,3,5,3,3,2,6,8,9,6,7
Gene1578,65,107,91,90,93,77,91,83,85,110,92,96
Gene1579,64,72,95,75,81,70,77,70,66,89,74,65
Gene1580,62,61,58,52,70,59,56,41,57,66,77,52
Gene1581,10,16,13,7,14,14,13,12,16,2,13,15
Gene1582,22,21,25,27,38,21,31,23,33,34,32,26
Gene1583,59,61,60,65,67,85,61,74,77,66,80,57
Gene1584,39,46,45,52,40,50,26,53,39,47,43,50
Gene1585,517,506,522,462,507,506,491,484,481,502,533,458
Gene1586,9,9,7,9,6,13,3,7,9,11,7,4
Gene1587,106,117,111,90,134,101,116,100,118,116,108,130
Gene1588,22,25,24,21,30,27,27,34,34,40,33,32
Gene1589,34,24,27,28,32,32,34,29,31,34,30,27
Gene1590,126,137,132,129,129,132,130,128,141,149,136,128
Gene1591,117,126,138,122,118,127,105,148,113,112,121,121
Gene1592,449,492,511,481,474,542,466,511,515,488,505,498
Gene1593,5,7,6,3,2,3,9,5,7,6,6,5
Gene1594,7,11,10,7,9,7,7,4,5,7,9,5
Gene1595,120,123,147,138,127,128,154,132,136,122,138,117
Gene1596,49,76,61,58,67,68,67,74,65,56,61,90
Gene1597,11,17,20,17,18,13,17,21,20,11,18,16
Gene1598,2,6,3,5,3,7,2,7,8,6,6,5
Gene1599,6,5,5,7,5,10,6,6,3,6,9,4
Gene1600,314,300,318,334,308,314,301,299,319,305,287,313
Gene1601,7,13,11,8,9,7,8,7,9,9,12,9
Gene1602,17,22,27,16,21,14,19,17,13,18,21,23
Gene1603,8,16,7,13,13,5,12,8,21,15,10,14
Gene1604,27,23,17,30,26,29,28,17,19,22,13,23
Gene1605,8,7,4,5,3,5,6,8,6,8,6,5
Gene1606,57,38,53,59,42,53,55,51,51,51,40,52
Gene1607,8,2,6,10,6,5,6,4,3,6,9,6
Gene1608,202,178,192,202,198,193,186,208,225,171,200,202
Gene1609,7,12,17,14,12,8,16,17,8,16,12,10
Gene1610,58,46,60,48,58,42,56,49,47,51,58,55
Gene1611,268,270,243,285,282,273,293,305,281,251,263,257
Gene1612,114,104,78,90,97,85,97,100,86,113,108,95
Gene1613,59,53,52,51,44,49,54,67,53,48,49,45
Gene1614,21,11,21,14,20,16,21,15,24,25,21,23
Gene1615,17,21,16,24,17,16,24,15,17,21,16,20
Gene1616,103,106,113,107,127,84,109,102,89,97,113,102
Gene1617,488,467,481,494,468,523,486,440,545,448,511,520
Gene1618,95,95,78,116,109,100,121,109,109,96,85,104
Gene1619,72,60,58,62,50,62,51,56,57,53,69,55
Gene1620,134,157,160,144,147,154,139,126,144,135,130,130
Gene1621,40,39,37,49,32,36,42,53,38,29,36,28
Gene1622,5,5,5,5,4,7,5,2,7,4,6,2
Gene1623,73,61,73,42,58,71,70,63,61,43,47,52
Gene1624,427,407,403,437,439,424,407,433,399,371,443,422
Gene1625,6,11,4,9,13,5,17,13,6,12,14,3
Gene1626,118,112,113,119,128,113,111,102,114,104,126,118
Gene1627,16,8,6,9,11,5,9,6,7,7,12,6
Gene1628,60,45,60,52,49,54,43,67,38,58,58,55
Gene1629,6,10,1,6,10,8,10,7,7,6,8,9
Gene1630,41,33,47,31,33,25,37,43,34,26,41,28
Gene1631,168,154,161,158,168,158,137,167,139,165,162,155
Gene1632,24,20,22,20,18,28,17,21,17,29,18,25
Gene1633,94,91,104,114,117,115,81,95,102,114,102,98
Gene1634,171,191,193,194,199,179,194,180,183,214,182,194
Gene1635,342,371,391,372,375,378,392,376,341,373,349,344
Gene1636,18,10,6,12,15,14,14,14,18,11,11,12
Gene1637,31,32,23,27,40,22,33,37,27,31,41,24
Gene1638,7,11,15,9,7,12,8,10,9,8,2,11
Gene1639,519,506,472,490,481,475,495,516,510,477,488,474
Gene1640,367,359,364,367,321,324,377,355,372,343,346,355
Gene1641,59,56,50,59,61,54,50,43,45,63,56,48
Gene1642,237,222,264,227,242,254,237,242,261,239,235,230
Gene1643,49,45,49,43,40,56,48,60,47,31,51,48
Gene1644,82,82,87,80,93,101,77,66,70,87,75,89
Gene1645,8,6,8,7,4,7,7,12,8,7,7,8
Gene1646,161,164,168,151,139,156,165,161,155,122,158,172
Gene1647,8,7,10,5,11,6,7,8,9,7,7,7
Gene1648,218,227,234,218,248,239,206,224,220,237,203,228
Gene1649,186,173,212,180,171,174,177,180,200,172,191,179
Gene1650,139,149,133,133,127,114,120,140,143,117,137,133
Gene1651,5,8,4,4,4,7,5,4,4,4,1,10
Gene1652,15,12,18,16,21,23,15,17,18,18,10,17
Gene1653,14,17,25,15,13,7,17,8,13,12,15,12
Gene1654,25,17,24,22,24,25,20,31,27,20,15,20
Gene1655,4,8,10,4,13,9,2,4,2,9,4,4
Gene1656,367,387,390,376,420,395,410,394,385,371,358,379
Gene1657,60,57,50,60,50,65,47,64,57,63,55,52
Gene1658,16,12,24,19,14,17,15,14,17,24,12,17
Gene1659,30,23,33,27,29,32,20,25,32,16,26,32
Gene1660,30,38,34,36,39,38,44,37,33,34,47,39
Gene1661,76,77,76,86,83,65,74,73,82,68,84,75
Gene1662,48,43,44,40,71,44,39,56,48,42,37,48
Gene1663,323,347,342,359,376,323,366,363,368,370,350,384
Gene1664,35,41,44,41,43,45,37,53,44,37,32,35
Gene1665,503,486,474,500,499,480,496,483,431,491,497,524
Gene1666,260,248,259,240,237,240,220,261,260,252,235,251
Gene1667,10,6,17,7,11,13,13,9,11,9,5,16
Gene1668,396,337,354,373,364,380,351,332,340,361,348,369
Gene1669,6,6,1,2,5,10,8,8,9,6,9,12
Gene1670,225,215,230,215,212,196,220,220,214,226,232,182
Gene1671,20,22,24,33,19,27,20,33,23,18,27,29
Gene1672,296,292,303,251,269,275,293,301,270,267,268,272
Gene1673,270,268,294,266,271,298,283,263,257,263,235,272
Gene1674,196,185,201,188,199,193,214,213,194,192,218,204
Gene1675,194,202,174,221,202,178,198,196,179,183,161,166
Gene1676,13,10,17,12,14,21,14,18,22,13,11,14
Gene1677,5,5,9,6,5,5,6,3,7,5,5,8
Gene1678,35,23,32,26,29,26,28,19,25,33,26,27
Gene1679,10,8,5,8,6,7,9,10,9,13,12,10
Gene1680,123,109,95,115,121,132,112,110,109,128,125,112
Gene1681,20,21,24,17,19,19,21,23,17,27,17,14
Gene1682,492,445,447,457,458,457,474,441,400,438,444,463
Gene1683,82,76,88,78,100,93,82,76,90,83,99,78
Gene1684,232,206,238,209,206,192,175,225,220,232,226,209
Gene1685,10,15,7,11,6,3,9,11,7,7,1,4
Gene1686,256,271,262,267,273,246,249,247,271,243,285,289
Gene1687,311,357,373,334,331,342,367,355,350,328,330,367
Gene1688,41,39,41,43,51,40,30,31,42,53,36,48
Gene1689,85,76,72,80,64,75,68,80,69,87,79,82
Gene1690,163,163,152,208,159,163,160,178,133,170,167,154
Gene1691,6,6,15,5,8,6,11,7,14,11,11,15
Gene1692,38,51,50,41,55,50,50,44,46,46,33,36
Gene1693,21,25,27,22,27,23,28,32,31,35,29,29
Gene1694,10,6,7,5,11,10,6,6,14,5,13,3
Gene1695,25,26,18,19,23,27,28,26,26,35,30,32
Gene1696,6,5,3,8,5,4,4,4,9,4,5,5
Gene1697,2,5,3,4,5,3,3,3,6,3,3,4
Gene1698,4,9,12,8,12,5,14,6,7,5,12,5
Gene1699,428,394,407,418,456,424,438,421,414,421,421,397
Gene1700,53,58,52,56,52,59,61,62,56,52,39,52
Gene1701,448,391,443,410,421,410,476,441,409,433,454,385
Gene1702,27,33,31,45,40,34,38,27,40,39,27,38
Gene1703,25,11,15,14,29,24,19,14,15,17,19,17
Gene1704,48,45,35,55,38,45,48,60,56,55,42,47
Gene1705,26,48,40,41,29,42,41,31,43,36,41,36
Gene1706,6,5,5,6,7,7,8,8,5,6,11,8
Gene1707,95,93,84,78,79,64,102,91,84,91,99,91
Gene1708,13,11,18,9,9,9,15,14,21,8,14,9
Gene1709,87,80,87,86,80,76,61,90,71,77,83,74
Gene1710,89,96,115,114,108,100,91,91,94,100,112,93
Gene1711,8,6,8,12,14,9,5,8,12,8,10,6
Gene1712,6,4,4,10,4,2,9,8,4,5,4,12
Gene1713,187,177,182,182,180,148,175,172,179,178,206,170
Gene1714,44,42,47,36,36,31,40,43,38,25,44,34
Gene1715,5,10,6,3,6,5,3,7,5,4,4,10
Gene1716,458,476,505,540,465,522,487,501,470,511,473,503
Gene1717,5,2,3,7,2,2,5,5,2,2,7,8
Gene1718,131,120,120,126,112,130,117,127,113,101,114,116
Gene1719,478,490,441,484,485,455,473,443,521,486,467,475
Gene1720,12,13,16,12,8,7,16,10,8,18,22,14
Gene1721,5,20,5,6,6,9,8,7,8,5,4,11
Gene1722,9,7,12,4,10,8,8,9,5,9,7,5
Gene1723,7,22,16,12,19,11,15,15,20,20,20,13
Gene1724,6,3,11,8,7,2,7,9,2,6,4,5
Gene1725,118,103,101,129,112,123,117,113,113,117,109,122
Gene1726,7,2,5,6,3,7,6,6,3,9,3,6
Gene1727,46,49,54,48,59,42,52,51,45,43,51,59
Gene1728,528,521,520,516,491,512,543,522,488,470,538,497
Gene1729,230,229,201,178,236,194,183,197,195,209,202,230
Gene1730,78,80,83,58,75,95,73,98,80,84,88,84
Gene1731,19,17,19,20,14,16,12,13,9,11,24,15
Gene1732,81,100,75,77,85,86,79,92,93,84,76,93
Gene1733,51,56,50,51,50,50,52,49,67,49,51,51
Gene1734,31,38,26,23,31,43,29,28,21,38,27,37
Gene1735,9,6,7,5,8,8,7,7,8,5,8,7
Gene1736,303,307,321,292,296,307,296,271,268,291,291,299
Gene1737,36,34,29,50,39,42,39,37,36,31,36,30
Gene1738,8,7,17,6,11,11,18,8,6,9,10,9
Gene1739,24,22,30,22,22,28,27,33,16,23,23,26
Gene1740,23,31,28,24,34,24,26,21,28,24,36,30
Gene1741,220,217,229,204,226,211,217,233,210,220,202,228
Gene1742,150,157,138,144,144,144,128,133,137,136,136,142
Gene1743,179,151,178,186,169,164,167,172,155,171,173,175
Gene1744,2,1,6,1,9,2,2,9,4,3,4,3
Gene1745,28,37,31,32,29,33,28,35,25,22,28,32
Gene1746,43,35,52,52,41,52,48,43,34,45,50,27
Gene1747,3,3,5,3,1,3,7,8,7,5,6,4
Gene1748,14,18,14,17,19,14,19,17,23,21,17,20
Gene1749,166,174,175,168,149,152,150,175,153,171,181,171
Gene1750,7,7,7,3,8,12,8,3,5,12,6,5
Gene1751,60,53,47,49,51,50,58,65,51,50,55,51
Gene1752,12,9,13,14,16,11,12,11,17,8,8,9
Gene1753,7,7,1,1,5,5,5,5,6,8,4,2
Gene1754,13,17,13,14,13,12,12,13,4,11,10,8
Gene1755,452,496,455,473,469,481,433,447,455,472,441,425
Gene1756,189,205,216,203,203,178,197,184,198,204,195,184
Gene1757,395,410,397,428,394,394,427,450,435,379,406,417
Gene1758,48,48,43,38,43,48,37,56,35,50,45,47
Gene1759,5,8,5,4,7,5,9,9,9,4,7,10
Gene1760,47,61,64,61,61,61,58,54,59,75,41,68
Gene1761,33,37,45,25,37,28,35,29,27,37,34,53
Gene1762,226,231,276,237,235,242,227,234,257,219,219,240
Gene1763,5,6,7,5,13,8,8,7,7,5,6,7
Gene1764,45,47,45,40,49,38,45,53,42,50,44,43
Gene1765,8,9,5,9,11,8,10,4,7,7,9,6
Gene1766,23,20,17,18,19,13,17,18,27,14,18,10
Gene1767,126,131,147,149,149,153,145,136,135,140,144,143
Gene1768,39,48,35,42,42,36,33,27,46,40,49,39
Gene1769,18,27,33,21,22,22,22,39,30,27,30,20
Gene1770,35,25,21,34,20,33,20,33,25,33,23,25
Gene1771,32,44,33,40,37,35,40,38,34,36,39,45
Gene1772,181,201,176,176,174,189,199,176,174,174,165,170
Gene1773,292,316,318,314,308,329,326,309,314,317,295,305
Gene1774,390,369,417,392,391,421,403,431,409,391,391,404
Gene1775,190,186,196,198,220,201,189,176,179,195,193,189
Gene1776,20,19,30,16,17,15,18,25,20,15,19,21
Gene1777,139,120,108,94,103,93,106,116,104,127,104,102
Gene1778,29,47,34,26,36,40,37,26,24,38,30,50
Gene1779,17,15,19,8,9,11,12,17,16,10,14,13
Gene1780,237,242,252,241,229,230,225,242,244,227,244,251
Gene1781,5,6,5,7,4,7,6,2,5,7,4,6
Gene1782,321,300,335,326,337,292,302,314,288,320,326,308
Gene1783,34,36,41,33,35,46,22,46,39,30,37,34
Gene1784,83,97,107,74,85,86,90,92,87,91,79,95
Gene1785,130,65,103,74,94,100,98,102,93,95,96,87
Gene1786,320,318,331,281,315,307,283,318,322,302,305,330
Gene1787,90,106,86,102,85,92,84,92,92,91,79,95
Gene1788,73,89,99,82,81,74,82,76,79,76,78,78
Gene1789,9,7,4,4,5,10,5,4,8,2,2,4
Gene1790,48,38,52,58,44,54,33,65,44,43,42,46
Gene1791,8,5,11,13,10,6,9,4,6,9,9,10
Gene1792,145,157,153,142,137,130,136,148,122,148,134,144
Gene1793,49,39,38,35,46,48,58,47,51,47,56,34
Gene1794,108,115,105,109,93,90,99,127,106,109,125,99
Gene1795,8,4,5,8,5,4,3,7,5,5,3,4
Gene1796,4,7,8,1,5,5,7,6,3,7,5,3
Gene1797,126,138,144,108,141,141,132,114,144,118,124,140
Gene1798,6,3,11,4,4,3,5,5,2,5,2,5
Gene1799,9,3,4,7,8,8,6,4,3,3,5,8
Gene1800,3,9,7,2,3,5,1,5,6,5,7,1
Gene1801,393,400,411,424,393,430,415,396,415,411,445,414
Gene1802,119,144,149,146,151,146,125,153,141,136,141,150
Gene1803,18,17,20,20,22,22,19,25,21,28,22,20
Gene1804,16,22,19,16,14,13,19,14,17,17,23,16
Gene1805,26,28,22,26,20,19,23,19,16,19,19,26
Gene1806,178,157,182,138,155,191,178,183,160,176,176,175
Gene1807,115,98,108,97,95,108,97,101,87,92,101,110
Gene1808,12,10,10,10,8,12,9,4,9,16,19,12
Gene1809,10,7,17,6,7,7,9,7,12,15,8,9
Gene1810,5,8,6,2,2,2,5,10,9,8,14,9
Gene1811,101,107,119,94,111,103,104,105,102,92,110,110
Gene1812,179,170,143,176,166,148,143,163,165,164,186,157
Gene1813,17,15,14,17,11,14,12,12,19,16,20,8
Gene1814,1,5,3,5,6,4,5,6,4,8,4,9
Gene1815,9,11,8,8,5,8,6,8,6,9,11,7
Gene1816,423,434,435,418,406,462,420,450,427,442,422,456
Gene1817,16,16,13,14,14,20,16,16,14,12,15,25
Gene1818,146,169,176,168,155,176,164,184,180,172,186,142
Gene1819,74,93,87,92,92,82,89,74,78,70,90,77
Gene1820,24,25,15,25,22,30,35,30,26,31,26,32
Gene1821,12,16,11,11,12,9,5,10,5,13,13,11
Gene1822,7,6,4,10,10,11,7,7,9,3,6,8
Gene1823,79,72,79,73,82,75,93,86,66,88,65,86
Gene1824,174,161,179,175,170,188,180,171,163,144,170,180
Gene1825,81,84,82,95,83,88,92,86,79,109,103,88
Gene1826,43,50,62,58,63,64,55,55,41,52,59,48
Gene1827,2,5,7,9,7,4,5,2,1,6,4,7
Gene1828,414,395,425,459,444,415,401,450,471,413,447,459
Gene1829,194,200,205,185,182,189,192,188,168,169,188,189
Gene1830,12,21,12,16,14,10,17,21,26,20,20,14
Gene1831,454,470,448,459,464,511,451,453,472,492,489,496
Gene1832,69,69,87,71,66,64,77,69,72,80,70,83
Gene1833,60,74,59,64,63,83,87,68,66,62,57,57
Gene1834,148,134,150,152,176,147,170,144,151,161,146,150
Gene1835,195,228,225,220,192,234,194,187,206,212,222,184
Gene1836,97,102,111,99,109,85,106,101,93,104,108,88
Gene1837,11,8,11,12,6,5,12,9,2,7,6,1
Gene1838,25,19,17,19,20,30,27,18,23,24,21,16
Gene1839,370,344,364,335,341,355,388,380,373,355,367,361
Gene1840,12,11,18,13,10,12,11,12,12,8,8,7
Gene1841,31,26,16,24,28,29,20,21,20,25,33,24
Gene1842,29,23,28,46,38,26,24,25,35,27,25,27
Gene1843,28,25,32,22,22,32,30,26,30,44,38,33
Gene1844,90,75,80,81,86,90,73,87,89,76,68,81
Gene1845,383,383,379,364,364,400,369,408,387,418,399,411
Gene1846,11,16,17,11,16,15,16,15,14,8,10,7
Gene1847,7,9,4,8,9,6,5,8,5,8,7,11
Gene1848,5,10,10,6,13,10,7,11,9,16,16,17
Gene1849,301,283,308,280,277,326,319,264,313,321,286,307
Gene1850,90,87,93,75,93,93,81,86,111,103,92,83
Gene1851,16,15,18,21,17,15,14,18,20,13,16,17
Gene1852,192,234,217,214,220,204,191,195,236,207,205,198
Gene1853,240,260,260,274,249,276,247,294,275,266,269,284
Gene1854,248,249,265,244,272,244,239,229,255,238,261,249
Gene1855,331,316,340,357,344,362,377,317,343,363,340,370
Gene1856,22,13,21,12,12,14,9,7,11,12,9,17
Gene1857,145,149,158,158,185,138,168,147,148,164,162,157
Gene1858,32,47,36,38,37,38,36,37,29,31,34,46
Gene1859,239,245,264,255,237,218,226,231,222,225,234,227
Gene1860,124,121,151,140,125,151,167,138,127,133,133,121
Gene1861,185,154,173,169,165,179,174,172,166,157,173,167
Gene1862,94,98,104,106,91,120,91,104,116,89,78,86
Gene1863,10,7,6,13,10,7,8,11,12,8,14,11
Gene1864,66,50,74,65,58,55,66,66,64,59,60,59
Gene1865,485,512,515,463,444,470,474,485,483,474,472,463
Gene1866,376,348,391,363,390,393,406,391,376,379,382,395
Gene1867,4,4,4,4,9,6,3,4,5,3,5,3
Gene1868,7,9,9,10,6,10,7,9,8,14,8,8
Gene1869,9,6,6,11,12,9,3,8,6,7,7,6
Gene1870,124,133,141,136,124,131,139,147,125,145,138,120
Gene1871,228,193,194,213,197,203,217,208,232,227,234,192
Gene1872,13,16,17,9,11,15,9,6,17,12,10,12
Gene1873,48,37,50,48,46,39,41,45,46,36,56,57
Gene1874,240,241,248,209,223,225,224,260,229,247,244,241
Gene1875,124,136,164,159,134,157,145,126,134,145,129,147
Gene1876,66,41,64,60,57,51,61,66,45,51,50,60
Gene1877,74,78,76,74,63,56,77,69,79,66,81,80
Gene1878,45,36,45,52,53,57,50,41,36,61,46,49
Gene1879,15,14,19,18,14,13,18,18,15,19,15,18
Gene1880,67,56,68,57,50,53,62,56,62,58,67,65
Gene1881,135,121,102,117,127,96,110,112,100,112,116,108
Gene1882,277,275,298,283,258,269,282,289,279,272,288,264
Gene1883,104,97,81,98,95,87,81,88,83,83,86,86
Gene1884,163,180,148,180,158,151,164,170,156,166,157,143
Gene1885,7,10,8,10,8,12,10,9,8,11,8,9
Gene1886,48,36,30,39,42,41,24,42,24,39,40,43
Gene1887,2,4,3,2,4,2,1,10,3,3,9,4
Gene1888,8,18,8,11,7,11,15,15,7,15,19,14
Gene1889,113,139,145,121,126,134,121,120,135,144,139,130
Gene1890,500,496,516,501,512,510,466,487,508,497,511,510
Gene1891,6,7,11,11,4,6,4,3,3,3,7,4
Gene1892,30,27,28,29,26,26,30,27,35,28,23,30
Gene1893,218,179,199,182,204,179,177,182,164,185,171,201
Gene1894,12,5,13,10,6,11,12,4,14,11,11,9
Gene1895,73,55,66,63,59,63,57,58,66,59,57,65
Gene1896,122,149,146,146,135,143,152,141,149,120,156,136
Gene1897,76,84,87,85,75,67,90,96,72,73,100,82
Gene1898,9,10,8,8,9,12,12,9,10,7,9,4
Gene1899,19,14,27,23,23,27,16,23,19,26,23,31
Gene1900,172,168,200,161,170,165,197,188,182,181,157,155
Gene1901,56,52,45,42,70,59,84,53,70,60,48,74
Gene1902,11,3,8,8,2,4,2,7,8,7,2,2
Gene1903,139,151,137,149,169,143,174,170,179,171,165,154
Gene1904,5,5,4,3,5,6,5,5,7,4,3,8
Gene1905,153,152,149,140,142,138,131,155,174,152,143,156
Gene1906,7,17,17,7,8,9,10,10,11,8,12,12
Gene1907,423,413,446,399,393,433,423,429,422,439,429,440
Gene1908,22,31,29,28,20,24,25,27,21,18,18,23
Gene1909,15,25,18,22,19,19,22,18,16,22,24,16
Gene1910,10,4,11,7,4,6,13,10,4,14,8,6
Gene1911,25,16,16,16,11,22,19,9,13,19,23,13
Gene1912,285,275,280,270,306,294,270,265,264,278,251,278
Gene1913,527,486,488,497,489,520,524,494,473,508,493,481
Gene1914,25,23,21,34,27,18,23,20,18,28,30,16
Gene1915,32,37,41,33,42,43,34,41,41,32,28,43
Gene1916,147,124,116,124,139,113,157,126,135,134,136,142
Gene1917,315,281,301,285,295,270,296,261,290,291,309,291
Gene1918,71,71,69,78,61,67,84,70,52,76,76,59
Gene1919,29,38,33,26,21,19,28,36,29,19,27,23
Gene1920,34,27,31,26,37,25,31,32,32,23,36,21
Gene1921,96,104,109,111,125,138,120,115,114,106,117,97
Gene1922,2,3,5,1,2,3,5,7,6,5,4,4
Gene1923,79,82,89,74,82,80,79,96,82,90,79,70
Gene1924,20,23,13,21,21,21,30,14,18,22,14,24
Gene1925,194,195,203,177,165,177,196,182,167,194,176,199
Gene1926,5,5,2,2,5,4,6,8,10,7,15,7
Gene1927,66,85,66,75,76,63,82,73,57,69,67,56
Gene1928,48,45,46,38,45,35,34,49,39,40,42,43
Gene1929,83,89,91,82,89,89,84,84,72,85,96,87
Gene1930,4,7,4,4,2,8,6,4,9,10,8,2
Gene1931,67,73,81,54,70,73,72,73,76,70,56,55
Gene1932,59,63,62,51,54,57,54,55,80,56,61,55
Gene1933,57,76,68,64,65,59,53,80,75,62,60,54
Gene1934,77,77,68,82,59,77,79,68,67,58,68,75
Gene1935,109,106,104,100,114,104,80,117,103,124,102,104
Gene1936,193,198,205,198,187,182,194,201,188,196,186,215
Gene1937,6,15,10,13,11,13,15,16,9,9,10,15
Gene1938,192,183,206,221,220,213,213,260,222,205,226,230
Gene1939,52,38,50,51,48,46,52,50,50,51,40,42
Gene1940,7,11,2,8,6,3,4,2,8,4,4,2
Gene1941,5,7,3,5,3,4,5,5,3,5,10,3
Gene1942,25,19,24,17,26,19,17,10,21,22,17,22
Gene1943,189,184,159,187,176,175,204,207,193,181,195,190
Gene1944,137,108,155,129,134,105,118,130,140,120,118,133
Gene1945,171,178,192,195,164,197,171,174,208,187,181,174
Gene1946,44,61,50,51,44,42,55,51,45,48,59,39
Gene1947,34,35,33,34,34,20,23,31,36,33,39,40
Gene1948,7,10,10,12,5,4,14,10,10,8,7,5
Gene1949,18,14,14,18,21,14,17,19,16,18,21,23
Gene1950,32,29,34,41,38,44,31,44,37,26,33,33
Gene1951,2,3,4,7,3,7,4,6,5,7,7,5
Gene1952,11,5,16,11,11,11,12,19,8,7,13,9
Gene1953,70,84,77,68,78,74,80,72,83,73,78,81
Gene1954,153,129,138,154,145,139,142,142,163,135,139,135
Gene1955,523,468,508,520,540,505,518,490,491,483,507,513
Gene1956,361,334,370,401,348,364,360,350,365,337,420,377
Gene1957,86,83,98,94,84,89,80,102,93,93,91,98
Gene1958,28,37,33,21,28,25,33,32,30,37,39,40
Gene1959,85,100,108,89,89,63,89,91,84,101,97,81
Gene1960,169,210,184,151,186,180,176,175,185,182,169,171
Gene1961,7,10,6,7,4,6,9,4,7,11,8,12
Gene1962,40,30,37,27,34,20,27,32,31,35,31,20
Gene1963,239,249,245,243,247,254,235,219,233,254,243,233
Gene1964,23,25,25,28,25,24,29,29,34,34,24,28
Gene1965,54,45,58,61,64,68,47,64,65,67,52,69
Gene1966,59,67,59,75,81,89,73,78,69,59,66,69
Gene1967,19,15,12,8,10,11,10,16,6,8,11,14
Gene1968,19,31,26,20,12,11,20,26,24,20,26,26
Gene1969,20,27,24,24,19,22,25,23,20,18,23,20
Gene1970,7,5,2,5,6,4,1,2,2,2,5,4
Gene1971,6,5,2,8,5,5,8,3,2,3,4,6
Gene1972,228,240,232,236,230,205,194,201,212,247,247,236
Gene1973,15,13,20,19,17,8,15,24,12,14,11,20
Gene1974,49,51,40,39,59,55,63,40,50,49,45,52
Gene1975,18,18,13,16,18,19,16,19,10,13,12,16
Gene1976,378,372,378,394,383,360,386,396,389,394,372,389
Gene1977,16,11,11,14,19,14,23,23,23,11,15,13
Gene1978,30,33,32,37,43,19,35,35,23,28,30,35
Gene1979,293,281,298,258,279,280,273,297,303,289,267,273
Gene1980,221,234,224,219,243,225,216,228,240,236,223,252
Gene1981,5,13,18,6,7,9,10,7,8,10,6,9
Gene1982,183,194,218,181,174,221,208,208,196,182,179,185
Gene1983,43,29,39,38,33,48,49,40,37,37,44,40
Gene1984,40,38,37,48,47,41,39,46,49,34,49,33
Gene1985,4,9,10,7,6,12,9,13,10,5,4,6
Gene1986,7,9,3,5,6,6,7,7,5,9,5,5
Gene1987,143,143,114,132,135,145,121,126,139,138,122,121
Gene1988,59,64,49,44,50,50,41,45,36,43,47,42
Gene1989,35,33,29,34,35,34,27,31,40,35,25,35
Gene1990,160,132,134,134,128,147,125,118,126,135,145,136
Gene1991,164,147,158,174,143,161,175,162,164,178,152,139
Gene1992,7,10,11,13,13,8,11,10,11,7,11,12
Gene1993,78,87,66,89,72,74,76,80,86,81,87,81
Gene1994,8,5,6,3,4,9,10,6,9,15,6,3
Gene1995,171,177,159,163,173,146,168,166,151,159,160,158
Gene1996,104,104,92,96,107,101,96,92,115,95,95,98
Gene1997,412,421,397,365,444,432,406,388,398,425,398,432
Gene1998,2,6,3,4,8,3,5,6,10,4,4,3
Gene1999,9,3,3,3,1,1,10,6,9,8,6,5
Gene2000,12,19,14,14,10,18,17,14,17,18,16,9
